r,benchmark__Li-O_PEO,benchmark__Li-O_TFSI,baseline__Li-O_PEO,baseline__Li-O_TFSI
0.140625,0,0,0,0
0.421875,0,0,0,0
0.703125,0,0,0,0
0.984375,0,0,0,0
1.26562,0,0,0,0
1.54688,0,0,0,0
1.82812,11.1149,1.92268,8.86509,1.37819
2.10938,15.2183,12.3855,15.2847,10.5928
2.39062,1.29683,5.61658,2.33447,6.01561
2.67188,0.266113,1.73125,0.430678,2.10309
2.95312,0.144362,0.780548,0.200557,0.990824
3.23438,0.173778,0.607996,0.204828,0.708088
3.51562,0.320398,0.710927,0.343732,0.743086
3.79688,0.551876,1.07381,0.580091,1.05586
4.07812,0.688977,1.64486,0.694918,1.55886
4.35938,0.729852,2.3146,0.675198,2.12939
4.64062,0.641615,1.97952,0.59905,1.97847
4.92188,0.534393,1.36461,0.512321,1.46161
5.20312,0.4869,1.37519,0.493848,1.40212
5.48438,0.603977,1.65289,0.565365,1.63317
5.76562,0.802919,2.12969,0.733617,2.02939
6.04688,0.956513,2.53912,0.886223,2.4561
6.32812,0.914588,2.44389,0.907423,2.49644
6.60938,0.843487,2.08755,0.847309,2.19073
6.89062,0.803924,1.82423,0.81295,1.89153
7.17188,0.819762,1.73265,0.822978,1.73445
7.45312,0.846291,1.70984,0.845444,1.70308
7.73438,0.875671,1.75838,0.871749,1.73884
8.01562,0.888562,1.82728,0.880519,1.80145
8.29688,0.893209,1.85764,0.891889,1.82918
8.57812,0.906341,1.82432,0.897766,1.81597
8.85938,0.892857,1.70964,0.888852,1.73858
9.14062,0.877053,1.64605,0.87747,1.66656
9.42188,0.87244,1.61316,0.86201,1.63158
9.70312,0.87357,1.59477,0.861447,1.58945
9.98438,0.892174,1.5839,0.875471,1.57422
10.2656,0.904332,1.57524,0.895847,1.56477
10.5469,0.923804,1.56572,0.910421,1.55926
10.8281,0.941975,1.52513,0.929855,1.52714
11.1094,0.954341,1.48039,0.943079,1.49426
11.3906,0.971003,1.45335,0.958947,1.44755
11.6719,0.980416,1.42343,0.972712,1.42354
11.9531,0.986025,1.40605,0.974471,1.40458
12.2344,0.98587,1.39592,0.979303,1.39507
12.5156,0.977347,1.39087,0.969915,1.39318
12.7969,0.967445,1.38107,0.963024,1.38277
13.0781,0.95699,1.37696,0.955238,1.37357
13.3594,0.952358,1.36823,0.950706,1.3716
13.6406,0.951946,1.36215,0.948231,1.36614
13.9219,0.951743,1.3568,0.946538,1.35403
14.2031,0.956812,1.34887,0.946184,1.33885
14.4844,0.953511,1.33288,0.946556,1.33198
14.7656,0.960518,1.32469,0.947033,1.32656
15.0469,0.955231,1.31348,0.94712,1.31758
15.3281,0.956965,1.30787,0.948692,1.31129
15.6094,0.953532,1.30214,0.946897,1.30227
15.8906,0.949305,1.29937,0.944584,1.29759
16.1719,0.949773,1.29219,0.941518,1.29116
16.4531,0.946707,1.2864,0.940154,1.28676
16.7344,0.947262,1.2824,0.936956,1.27956
17.0156,0.945603,1.27245,0.938634,1.27924
17.2969,0.942113,1.27084,0.93636,1.27339
17.5781,0.94157,1.26638,0.938656,1.26589
17.8594,0.944251,1.26413,0.938717,1.26464
