r,rbmd_1-1,rbmd_1-2,rbmd_2-2
0.041666666666666664,0.0,0.0,0.0
0.125,0.0,0.0,0.0
0.20833333333333334,0.0,0.0,0.0
0.2916666666666667,0.0,0.0,0.0
0.375,0.0,0.0,0.0
0.4583333333333333,0.0,0.0,0.0
0.5416666666666666,0.0,0.0,0.0
0.625,0.0,0.0,0.0
0.7083333333333334,0.0,0.0,0.0
0.7916666666666666,0.0,0.0,0.0
0.875,2.068623807134161e-05,7.240110923136313e-05,0.0
0.9583333333333334,0.1135473171716732,0.49414484435575057,0.10873857620260322
1.0416666666666667,1.057369773651841,3.9590106136881125,1.050919332769407
1.125,1.5655453151680474,5.108387700824793,1.5156396789222824
1.2083333333333333,1.4351820961669461,4.229066449768736,1.4162185161183487
1.2916666666666667,1.2415863133831617,3.2694119812613356,1.2319436404688464
1.375,1.0843603040819578,2.6136455120700424,1.0844273210889233
1.4583333333333333,0.9945763069985352,2.20448824223958,0.986329957787394
1.5416666666666667,0.9359701270025537,1.930664002155026,0.9282640938491262
1.625,0.906392274651645,1.7480114827691098,0.8878469800961732
1.7083333333333333,0.878362744864691,1.616669041596381,0.8722929106731009
1.7916666666666667,0.8620629838093378,1.5225543999917426,0.862140969830778
1.875,0.8598817404895492,1.4564900692346325,0.860507941232082
1.9583333333333333,0.8595531944467338,1.4047696214132739,0.8643014648217135
2.0416666666666665,0.8693367582361863,1.3529408322653678,0.866525888027195
2.125,0.8735883741613503,1.3193833517291724,0.8723748182778474
2.2083333333333335,0.8762327617380485,1.2880324286602953,0.8722480077051168
2.2916666666666665,0.8762118194647065,1.2621503814638744,0.8787082262178246
2.375,0.8854622930480756,1.2376179526215914,0.8793636347218222
2.4583333333333335,0.8870675475325056,1.2174032601204776,0.8864296352203151
2.5416666666666665,0.8881812247902459,1.1986275765789178,0.8841583843099521
2.625,0.8923003182185043,1.181606728345858,0.8874252142803333
2.7083333333333335,0.9008504085371395,1.1688443095275696,0.8953648909140723
2.7916666666666665,0.9027502302703944,1.1556713133671412,0.8981730055847932
2.875,0.9078573324177228,1.1445173626456344,0.8986560497765225
2.9583333333333335,0.9100797144739244,1.1356807797812476,0.9081437330201878
3.0416666666666665,0.9133130263838726,1.1269833100637616,0.9122068013010681
3.125,0.9157834843942921,1.1189900607624097,0.9163965313462032
3.2083333333333335,0.916672303237351,1.1105932286778664,0.9160017681811662
3.2916666666666665,0.9217557749022884,1.1021880839055391,0.9251228217889266
3.375,0.926616213502125,1.0975412461536274,0.9254162576303389
3.4583333333333335,0.9291999523899264,1.0922433726562963,0.9260854700980343
3.5416666666666665,0.9279514876227296,1.086975849572224,0.9328832181942512
3.625,0.9314375234304855,1.080933813685745,0.9343181300562529
3.7083333333333335,0.9346114685757468,1.0736463786481985,0.9371813555680242
3.7916666666666665,0.9403184440110096,1.073142438569103,0.940797371018617
3.875,0.9395626445645103,1.0673935319630787,0.944241614281025
3.9583333333333335,0.9440774443313958,1.0639688382052357,0.9465989666765642
4.041666666666667,0.9449843064295553,1.0609462085363512,0.9494349393764241
4.125,0.9490147995817475,1.0582442279681241,0.9508196118821682
4.208333333333333,0.9535121306115711,1.0546551310213148,0.9531184176161388
4.291666666666667,0.9552819625376197,1.0527625433608203,0.9584302017720647
4.375,0.9542049013253421,1.0487228214729472,0.9578126189415415
4.458333333333333,0.9579862715298475,1.0469296796753427,0.9606971480505336
4.541666666666667,0.9602911500735352,1.0462804980253726,0.9587988402102339
4.625,0.96097682369988,1.0414816357390393,0.9637741341116648
4.708333333333333,0.9632152855418176,1.0389173277482053,0.964071614632416
4.791666666666667,0.9641136497037182,1.0371909264348669,0.9653991696121785
4.875,0.966235348547078,1.0355754455051769,0.9679420695685951
4.958333333333333,0.9675894757709986,1.0334902404009776,0.9707091478740362
5.041666666666667,0.9693865574520221,1.0319763269214712,0.9717548219267399
5.125,0.9727411837811193,1.0327989111837979,0.9694850050580892
5.208333333333333,0.973485381272091,1.0297389734935574,0.9750003845415672
5.291666666666667,0.9726605438777298,1.02874951798893,0.9743247336540947
5.375,0.9735624083407561,1.0272507440892813,0.9766526562690266
5.458333333333333,0.9754333884104316,1.025773692627209,0.9772210995805105
5.541666666666667,0.975952633411019,1.0243934391334206,0.9783613162876744
5.625,0.9775359574037166,1.0237430360824442,0.9790321348322727
5.708333333333333,0.9788073343919393,1.0216840305051758,0.9811518595774446
5.791666666666667,0.9791322981139223,1.02132968645706,0.9804764509691279
5.875,0.982598253632582,1.0207187186786162,0.9831599064252458
5.958333333333333,0.9812529342243862,1.0203258622631746,0.9817158131764133
6.041666666666667,0.9818060507026735,1.0187895824139,0.9841668735674619
6.125,0.9842258170659,1.0172954022267975,0.9862239601007592
6.208333333333333,0.9849998987321702,1.0166405882548066,0.9845770909523214
6.291666666666667,0.9862514959943712,1.0158750243963077,0.9847868520539835
6.375,0.9884245721620807,1.015679132422921,0.9859662795896559
6.458333333333333,0.9872398024503144,1.0149644244690499,0.9874089163366349
6.541666666666667,0.986615505687903,1.0140140896628091,0.9873275241363002
6.625,0.9851608617217373,1.0145551960624664,0.9884651940402508
6.708333333333333,0.9877084825331883,1.0132348211136866,0.9864603599156907
6.791666666666667,0.9887838978186797,1.0124921594478697,0.9878656685266969
6.875,0.9893383954980371,1.01003278435237,0.9893655375007067
6.958333333333333,0.9895868922340806,1.010053205263443,0.9908243727608048
7.041666666666667,0.9900930504905605,1.0088672562217826,0.9897103233261638
7.125,0.991225773689364,1.0097214847257785,0.9907041361759403
7.208333333333333,0.9916782186781447,1.0087869863855592,0.9910975267434562
7.291666666666667,0.9921596104843334,1.0075604646652332,0.9912002011999296
7.375,0.9913589606331614,1.0085224582976435,0.9920246237003729
7.458333333333333,0.9932060946937182,1.0067620105334,0.9935207841945866
7.541666666666667,0.9942910405553734,1.0059251346361562,0.9919535411346011
7.625,0.9932902711901916,1.0067326127637726,0.9934986646228562
7.708333333333333,0.9953428698289167,1.006559386129029,0.9938600606561182
7.791666666666667,0.9951446904748711,1.0065955708792904,0.9937997027771983
7.875,0.9957460937106574,1.004997576287656,0.9933193931282346
7.958333333333333,0.9950286962465542,1.004447652843384,0.9935453675683766
8.041666666666666,,,
8.125,,,
8.208333333333334,,,
8.291666666666666,,,
8.375,,,
8.458333333333334,,,
8.541666666666666,,,
8.625,,,
8.708333333333334,,,
8.791666666666666,,,
8.875,,,
8.958333333333334,,,
9.041666666666666,,,
9.125,,,
9.208333333333334,,,
9.291666666666666,,,
9.375,,,
9.458333333333334,,,
9.541666666666666,,,
9.625,,,
9.708333333333334,,,
9.791666666666666,,,
9.875,,,
9.958333333333334,,,
