r,g_11,coord_11,g_12,coord_12,g_22,coord_22
0.005,0.0,0.0,0.0,0.0,0.0,0.0
0.015,0.0,0.0,0.0,0.0,0.0,0.0
0.025,0.0,0.0,0.0,0.0,0.0,0.0
0.035,0.0,0.0,0.0,0.0,0.0,0.0
0.045,0.0,0.0,0.0,0.0,0.0,0.0
0.055,0.0,0.0,0.0,0.0,0.0,0.0
0.065,0.0,0.0,0.0,0.0,0.0,0.0
0.075,0.0,0.0,0.0,0.0,0.0,0.0
0.085,0.0,0.0,0.0,0.0,0.0,0.0
0.095,0.0,0.0,0.0,0.0,0.0,0.0
0.105,0.0,0.0,0.0,0.0,0.0,0.0
0.115,0.0,0.0,0.0,0.0,0.0,0.0
0.125,0.0,0.0,0.0,0.0,0.0,0.0
0.135,0.0,0.0,0.0,0.0,0.0,0.0
0.145,0.0,0.0,0.0,0.0,0.0,0.0
0.155,0.0,0.0,0.0,0.0,0.0,0.0
0.165,0.0,0.0,0.0,0.0,0.0,0.0
0.175,0.0,0.0,0.0,0.0,0.0,0.0
0.185,0.0,0.0,0.0,0.0,0.0,0.0
0.195,0.0,0.0,0.0,0.0,0.0,0.0
0.205,0.0,0.0,0.0,0.0,0.0,0.0
0.215,0.0,0.0,0.0,0.0,0.0,0.0
0.225,0.0,0.0,0.0,0.0,0.0,0.0
0.235,0.0,0.0,0.0,0.0,0.0,0.0
0.245,0.0,0.0,0.0,0.0,0.0,0.0
0.255,0.0,0.0,0.0,0.0,0.0,0.0
0.265,0.0,0.0,0.0,0.0,0.0,0.0
0.275,0.0,0.0,0.0,0.0,0.0,0.0
0.285,0.0,0.0,0.0,0.0,0.0,0.0
0.295,0.0,0.0,0.0,0.0,0.0,0.0
0.305,0.0,0.0,0.0,0.0,0.0,0.0
0.315,0.0,0.0,0.0,0.0,0.0,0.0
0.325,0.0,0.0,0.0,0.0,0.0,0.0
0.335,0.0,0.0,0.0,0.0,0.0,0.0
0.345,0.0,0.0,0.0,0.0,0.0,0.0
0.355,0.0,0.0,0.0,0.0,0.0,0.0
0.365,0.0,0.0,0.0,0.0,0.0,0.0
0.375,0.0,0.0,0.0,0.0,0.0,0.0
0.385,0.0,0.0,0.0,0.0,0.0,0.0
0.395,0.0,0.0,0.0,0.0,0.0,0.0
0.405,0.0,0.0,0.0,0.0,0.0,0.0
0.415,0.0,0.0,0.0,0.0,0.0,0.0
0.425,0.0,0.0,0.0,0.0,0.0,0.0
0.435,0.0,0.0,0.0,0.0,0.0,0.0
0.445,0.0,0.0,0.0,0.0,0.0,0.0
0.455,0.0,0.0,0.0,0.0,0.0,0.0
0.465,0.0,0.0,0.0,0.0,0.0,0.0
0.475,0.0,0.0,0.0,0.0,0.0,0.0
0.485,0.0,0.0,0.0,0.0,0.0,0.0
0.495,0.0,0.0,0.0,0.0,0.0,0.0
0.505,0.0,0.0,0.0,0.0,0.0,0.0
0.515,0.0,0.0,0.0,0.0,0.0,0.0
0.525,0.0,0.0,0.0,0.0,0.0,0.0
0.535,0.0,0.0,0.0,0.0,0.0,0.0
0.545,0.0,0.0,0.0,0.0,0.0,0.0
0.555,0.0,0.0,0.0,0.0,0.0,0.0
0.565,0.0,0.0,0.0,0.0,0.0,0.0
0.575,0.0,0.0,0.0,0.0,0.0,0.0
0.585,0.0,0.0,0.0,0.0,0.0,0.0
0.595,0.0,0.0,0.0,0.0,0.0,0.0
0.605,0.0,0.0,0.0,0.0,0.0,0.0
0.615,0.0,0.0,0.0,0.0,0.0,0.0
0.625,0.0,0.0,0.0,0.0,0.0,0.0
0.635,0.0,0.0,0.0,0.0,0.0,0.0
0.645,0.0,0.0,0.0,0.0,0.0,0.0
0.655,0.0,0.0,0.0,0.0,0.0,0.0
0.665,0.0,0.0,0.0,0.0,0.0,0.0
0.675,0.0,0.0,0.0,0.0,0.0,0.0
0.685,0.0,0.0,0.0,0.0,0.0,0.0
0.695,0.0,0.0,0.0,0.0,0.0,0.0
0.705,0.0,0.0,0.0,0.0,0.0,0.0
0.715,0.0,0.0,0.0,0.0,0.0,0.0
0.725,0.0,0.0,0.0,0.0,0.0,0.0
0.735,0.0,0.0,0.0,0.0,0.0,0.0
0.745,0.0,0.0,0.0,0.0,0.0,0.0
0.755,0.0,0.0,0.0,0.0,0.0,0.0
0.765,0.0,0.0,0.0,0.0,0.0,0.0
0.775,0.0,0.0,0.0,0.0,0.0,0.0
0.785,0.0,0.0,0.0,0.0,0.0,0.0
0.795,0.0,0.0,0.0,0.0,0.0,0.0
0.805,0.0,0.0,0.0,0.0,0.0,0.0
0.815,0.0,0.0,0.0,0.0,0.0,0.0
0.825,0.0,0.0,0.0,0.0,0.0,0.0
0.835,0.0,0.0,0.0,0.0,0.0,0.0
0.845,0.0,0.0,0.0,0.0,0.0,0.0
0.855,0.0,0.0,0.0,0.0,0.0,0.0
0.865,0.0,0.0,1.05835e-05,5e-09,0.0,0.0
0.875,0.0,0.0,7.24011e-05,4e-08,2.06862e-05,1e-08
0.885,0.0,0.0,0.000353871,2.15e-07,8.08856e-05,5e-08
0.895,0.000257037,1.3e-07,0.00164106,1.045e-06,0.000355897,2.3e-07
0.905,0.00116025,7.3e-07,0.00638132,4.345e-06,0.00131495,9.1e-07
0.915,0.00361318,2.64e-06,0.0203168,1.5085e-05,0.00402935,3.04e-06
0.925,0.0108841,8.52e-06,0.0506901,4.247e-05,0.0112913,9.14e-06
0.935,0.0251639,2.241e-05,0.118653,0.000107965,0.0259972,2.349e-05
0.945,0.0504387,5.085e-05,0.232213,0.0002389,0.0525492,5.312e-05
0.955,0.0942609,0.00010513,0.409244,0.000474565,0.0940004,0.00010725
0.965,0.155399,0.0001965,0.662424,0.000864055,0.155484,0.00019867
0.975,0.230799,0.00033503,0.990818,0.00145877,0.237196,0.00034104
0.985,0.327622,0.00053573,1.39686,0.00231449,0.333907,0.00054559
0.995,0.449962,0.000817,1.85003,0.00347095,0.44769,0.00082544
1.005,0.575279,0.00118387,2.32409,0.0049531,0.576032,0.00119279
1.015,0.704327,0.00164202,2.81518,0.00678433,0.711353,0.00165551
1.025,0.841188,0.00220003,3.27413,0.00895628,0.838821,0.00221195
1.035,0.978509,0.00286186,3.71003,0.0114656,0.96952,0.0028677
1.045,1.09561,0.00361728,4.06985,0.0142718,1.08472,0.00361561
1.055,1.19169,0.00445475,4.38827,0.0173557,1.19529,0.00445561
1.065,1.28305,0.0053736,4.6603,0.0206932,1.28064,0.00537273
1.075,1.36148,0.00636701,4.86984,0.0242466,1.36327,0.00636745
1.085,1.40994,0.00741501,4.98782,0.027954,1.42796,0.00742884
1.095,1.46927,0.00852733,5.06993,0.0317923,1.48076,0.00854986
1.105,1.49674,0.00968124,5.10278,0.0357263,1.49534,0.00970269
1.115,1.51205,0.0108682,5.0844,0.0397174,1.53485,0.0109075
1.125,1.53461,0.0120945,5.06385,0.043764,1.54241,0.01214
1.135,1.53871,0.013346,4.97713,0.0478123,1.54274,0.0133949
1.145,1.54365,0.0146238,4.91131,0.0518778,1.53924,0.014669
1.155,1.53757,0.0159189,4.82258,0.0559399,1.52515,0.0159536
1.165,1.52172,0.0172229,4.71575,0.0599811,1.50554,0.0172438
1.175,1.49328,0.0185247,4.61704,0.0640059,1.48995,0.0185426
1.185,1.47263,0.0198303,4.4945,0.0679908,1.47765,0.0198527
1.195,1.45828,0.0211452,4.3697,0.0719308,1.45613,0.0211656
1.205,1.45123,0.0224757,4.24589,0.0758234,1.4401,0.0224859
1.215,1.42409,0.023803,4.1115,0.0796557,1.41769,0.0238073
1.225,1.38144,0.0251119,3.99375,0.0834398,1.39228,0.0251265
1.235,1.35387,0.0264157,3.88574,0.0871818,1.3712,0.026447
1.245,1.33073,0.0277181,3.77514,0.0908765,1.35594,0.027774
1.255,1.30572,0.0290165,3.65883,0.0945151,1.33236,0.029099
1.265,1.28419,0.030314,3.54951,0.0981015,1.29797,0.0304104
1.275,1.26583,0.0316133,3.44886,0.101641,1.27663,0.0317208
1.285,1.24122,0.0329074,3.34699,0.105131,1.25158,0.0330256
1.295,1.23205,0.0342119,3.24922,0.108571,1.22803,0.0343259
1.305,1.20693,0.0355097,3.157,0.111966,1.20021,0.0356165
1.315,1.18895,0.0368079,3.0662,0.115314,1.18997,0.0369157
1.325,1.16266,0.0380966,2.97655,0.118613,1.17915,0.0382228
1.335,1.14593,0.0393862,2.89848,0.121875,1.15295,0.0395202
1.345,1.12413,0.0406701,2.82256,0.125099,1.1362,0.040818
1.355,1.11574,0.0419636,2.74264,0.128278,1.11471,0.0421102
1.365,1.10287,0.043261,2.68381,0.131436,1.09499,0.0433984
1.375,1.08894,0.0445609,2.62472,0.134569,1.07543,0.0446821
1.385,1.06439,0.04585,2.56732,0.137679,1.06259,0.0459691
1.395,1.05543,0.0471469,2.51596,0.14077,1.05433,0.0472645
1.405,1.04542,0.0484498,2.44943,0.143823,1.04088,0.0485619
1.415,1.02849,0.04975,2.40369,0.146862,1.03378,0.0498688
1.425,1.01515,0.0510516,2.35706,0.149884,1.01456,0.0511696
1.435,1.00847,0.0523628,2.31538,0.152894,1.00562,0.0524771
1.445,0.992261,0.0536709,2.26692,0.155883,1.00349,0.0538
1.455,0.98003,0.0549809,2.22226,0.158853,0.987915,0.0551205
1.465,0.975589,0.0563029,2.19163,0.161823,0.984001,0.056454
1.475,0.973085,0.0576397,2.1467,0.164772,0.978108,0.0577976
1.485,0.966272,0.058985,2.11183,0.167713,0.975939,0.0591564
1.495,0.955649,0.0603336,2.08174,0.17065,0.966873,0.0605209
1.505,0.941754,0.0616805,2.04996,0.173582,0.958738,0.061892
1.515,0.937912,0.0630397,2.01907,0.176508,0.946606,0.0632638
1.525,0.934532,0.0644119,1.99081,0.179431,0.940648,0.064645
1.535,0.928351,0.065793,1.96511,0.182355,0.935671,0.066037
1.545,0.920785,0.0671808,1.93367,0.185269,0.924746,0.0674308
1.555,0.921576,0.0685878,1.90684,0.18818,0.921458,0.0688376
1.565,0.912979,0.0699996,1.8815,0.19109,0.91984,0.07026
1.575,0.909052,0.0714234,1.85986,0.194003,0.913745,0.0716912
1.585,0.899597,0.0728504,1.83185,0.196909,0.908688,0.0731325
1.595,0.903032,0.0743009,1.81256,0.19982,0.903561,0.0745839
1.605,0.896678,0.0757593,1.79089,0.202733,0.895713,0.0760408
1.615,0.891869,0.0772281,1.7715,0.205651,0.894449,0.0775138
1.625,0.886318,0.0787058,1.75376,0.208575,0.890288,0.0789981
1.635,0.885806,0.0802009,1.73395,0.211501,0.885379,0.0804925
1.645,0.87974,0.081704,1.7231,0.214445,0.883181,0.0820015
1.655,0.881336,0.0832282,1.70573,0.217395,0.882238,0.0835272
1.665,0.874089,0.0847581,1.69114,0.220355,0.876568,0.0850615
1.675,0.873788,0.086306,1.67082,0.223315,0.87363,0.0866091
1.685,0.869154,0.0878641,1.65711,0.226286,0.874029,0.0881759
1.695,0.868747,0.08944,1.63833,0.229258,0.869403,0.089753
1.705,0.869711,0.0910364,1.62829,0.232247,0.873084,0.0913556
1.715,0.863443,0.0926398,1.61413,0.235244,0.870696,0.0929725
1.725,0.865948,0.0942668,1.60378,0.238257,0.871366,0.0946096
1.735,0.867991,0.0959165,1.58918,0.241278,0.871937,0.0962668
1.745,0.869326,0.0975878,1.57122,0.244299,0.866705,0.0979332
1.755,0.867099,0.0992741,1.56061,0.247334,0.867907,0.099621
1.765,0.863789,0.100973,1.5503,0.250383,0.867622,0.101328
1.775,0.86546,0.102695,1.54545,0.253457,0.868923,0.103056
1.785,0.863644,0.104432,1.53097,0.256537,0.868525,0.104803
1.795,0.863456,0.106189,1.51793,0.259625,0.870068,0.106573
1.805,0.861878,0.107962,1.51026,0.262732,0.871012,0.108365
1.815,0.860071,0.109751,1.50266,0.265858,0.868426,0.110171
1.825,0.856187,0.111551,1.49302,0.268997,0.864523,0.111989
1.835,0.862774,0.113385,1.48662,0.272158,0.865587,0.11383
1.845,0.866996,0.115249,1.47313,0.275324,0.862534,0.115684
1.855,0.864154,0.117126,1.4658,0.278509,0.862437,0.117557
1.865,0.863846,0.119023,1.45701,0.281709,0.861769,0.11945
1.875,0.865139,0.120944,1.45211,0.284932,0.862391,0.121364
1.885,0.869018,0.122893,1.44447,0.288173,0.860402,0.123294
1.895,0.866437,0.124858,1.4359,0.291428,0.866023,0.125258
1.905,0.867621,0.126846,1.43095,0.294707,0.860599,0.12723
1.915,0.870093,0.128861,1.42403,0.298004,0.861015,0.129224
1.925,0.868894,0.130894,1.42262,0.301333,0.864282,0.131246
1.935,0.874889,0.132962,1.41447,0.304677,0.860774,0.133281
1.945,0.873515,0.135048,1.40432,0.308031,0.861721,0.135339
1.955,0.874547,0.137159,1.40004,0.31141,0.863225,0.137422
1.965,0.872588,0.139286,1.39231,0.314804,0.86196,0.139523
1.975,0.871294,0.141432,1.38652,0.318219,0.860903,0.141644
1.985,0.869973,0.143596,1.38238,0.321658,0.86076,0.143785
1.995,0.873084,0.14579,1.37932,0.325124,0.866264,0.145962
2.005,0.880873,0.148026,1.37349,0.328611,0.864448,0.148156
2.015,0.879864,0.150282,1.36835,0.332119,0.862451,0.150367
2.025,0.87571,0.152549,1.36354,0.335649,0.865853,0.152609
2.035,0.879302,0.154848,1.36127,0.339208,0.865817,0.154873
2.045,0.879661,0.157171,1.35687,0.342791,0.867841,0.157164
2.055,0.876709,0.159509,1.34908,0.346388,0.868151,0.159479
2.065,0.871533,0.161855,1.3435,0.350006,0.871121,0.161825
2.075,0.874302,0.164232,1.34113,0.353652,0.868236,0.164185
2.085,0.877376,0.16664,1.33478,0.357315,0.867466,0.166566
2.095,0.877626,0.169072,1.33542,0.361016,0.870445,0.168978
2.105,0.877557,0.171527,1.32763,0.36473,0.869651,0.171411
2.115,0.878714,0.174009,1.32448,0.368471,0.873357,0.173878
2.125,0.87912,0.176516,1.31824,0.37223,0.872164,0.176364
2.135,0.878711,0.179045,1.31922,0.376027,0.872571,0.178876
2.145,0.87873,0.181597,1.31257,0.37984,0.873842,0.181414
2.155,0.879409,0.184176,1.30589,0.383669,0.871419,0.183969
2.165,0.876667,0.18677,1.30222,0.387523,0.873355,0.186554
2.175,0.878879,0.189395,1.30304,0.391415,0.877017,0.189174
2.185,0.877282,0.19204,1.29965,0.395332,0.875354,0.191812
2.195,0.879424,0.194715,1.29297,0.399266,0.875023,0.194474
2.205,0.877597,0.197409,1.28995,0.403226,0.874834,0.19716
2.215,0.882848,0.200144,1.28643,0.407211,0.879681,0.199885
2.225,0.878123,0.202889,1.28444,0.411226,0.876517,0.202625
2.235,0.880885,0.205667,1.27882,0.415259,0.877452,0.205392
2.245,0.878435,0.208463,1.27599,0.41932,0.879384,0.20819
2.255,0.879074,0.211285,1.27528,0.423414,0.877542,0.211008
2.265,0.876667,0.214125,1.27361,0.42754,0.879449,0.213857
2.275,0.880284,0.217001,1.26811,0.431684,0.88119,0.216736
2.285,0.881903,0.219909,1.26758,0.435862,0.879345,0.219635
2.295,0.88008,0.222835,1.26237,0.440061,0.880176,0.222562
2.305,0.875354,0.225772,1.25633,0.444275,0.881373,0.225519
2.315,0.876512,0.228738,1.25536,0.448523,0.881281,0.228501
2.325,0.882759,0.231751,1.25096,0.452793,0.880901,0.231507
2.335,0.879516,0.234778,1.24628,0.457083,0.878496,0.234532
2.345,0.882684,0.237843,1.24459,0.461404,0.880461,0.237589
2.355,0.883043,0.240935,1.24356,0.465759,0.87939,0.240668
2.365,0.880099,0.244043,1.23852,0.470133,0.882251,0.243784
2.375,0.883901,0.247191,1.23622,0.474536,0.884266,0.246933
2.385,0.882162,0.25036,1.23305,0.478964,0.883919,0.250107
2.395,0.880935,0.25355,1.23064,0.483421,0.885157,0.253313
2.405,0.882538,0.256773,1.22981,0.487912,0.882998,0.256538
2.415,0.882087,0.260021,1.22728,0.492432,0.883994,0.259793
2.425,0.883842,0.263303,1.2242,0.496977,0.885996,0.263083
2.435,0.883457,0.26661,1.22096,0.501548,0.886187,0.2664
2.445,0.88747,0.26996,1.21998,0.506153,0.886842,0.269748
2.455,0.887521,0.273337,1.21838,0.51079,0.884475,0.273114
2.465,0.884265,0.27673,1.21756,0.515461,0.881184,0.276494
2.475,0.886502,0.280159,1.21339,0.520154,0.882903,0.279909
2.485,0.889599,0.283627,1.2113,0.524877,0.886163,0.283364
2.495,0.890026,0.287125,1.20992,0.529632,0.885177,0.286843
2.505,0.889979,0.290651,1.20864,0.534421,0.885759,0.290353
2.515,0.890645,0.294208,1.20618,0.539238,0.882976,0.293879
2.525,0.887977,0.297783,1.20278,0.54408,0.881843,0.297429
2.535,0.889668,0.301393,1.20107,0.548953,0.889259,0.301037
2.545,0.889718,0.305031,1.19815,0.553853,0.887131,0.304665
2.555,0.892255,0.308709,1.19626,0.558784,0.888296,0.308326
2.565,0.891494,0.312412,1.19231,0.563737,0.887784,0.312014
2.575,0.894004,0.316155,1.1908,0.568722,0.888099,0.315732
2.585,0.895111,0.319931,1.18853,0.573737,0.886384,0.319472
2.595,0.89059,0.323718,1.18754,0.578786,0.888061,0.323248
2.605,0.891598,0.327538,1.18855,0.583878,0.886146,0.327045
2.615,0.894066,0.331398,1.18506,0.588995,0.888273,0.33088
2.625,0.895571,0.335295,1.18229,0.594139,0.890128,0.334752
2.635,0.894697,0.339217,1.18235,0.599322,0.884585,0.33863
2.645,0.895988,0.343175,1.18086,0.604538,0.889837,0.342561
2.655,0.893662,0.347152,1.17709,0.609777,0.889305,0.346519
2.665,0.893221,0.351158,1.17811,0.61506,0.891115,0.350515
2.675,0.894731,0.3552,1.17511,0.620369,0.892991,0.354549
2.685,0.893567,0.359267,1.17205,0.625705,0.891229,0.358606
2.695,0.896621,0.363379,1.16907,0.631066,0.893139,0.362702
2.705,0.894673,0.367512,1.16532,0.636449,0.892188,0.366824
2.715,0.895026,0.371678,1.16456,0.641869,0.893848,0.370984
2.725,0.897926,0.375888,1.16377,0.647326,0.89612,0.375185
2.735,0.897419,0.380126,1.16428,0.652825,0.898897,0.379431
2.745,0.897635,0.384397,1.16171,0.658352,0.898268,0.383704
2.755,0.898637,0.388703,1.16176,0.663919,0.899682,0.388016
2.765,0.894868,0.393023,1.15986,0.669518,0.895759,0.39234
2.775,0.897603,0.397387,1.15668,0.675142,0.894494,0.396689
2.785,0.898539,0.401788,1.15754,0.680811,0.895978,0.401077
2.795,0.898712,0.40622,1.15438,0.686505,0.898172,0.405507
2.805,0.903221,0.410707,1.15298,0.692233,0.896909,0.409963
2.815,0.899488,0.415208,1.15241,0.697998,0.899286,0.414462
2.825,0.901676,0.419751,1.14953,0.703791,0.901037,0.419002
2.835,0.902754,0.424332,1.1491,0.709622,0.90111,0.423575
2.845,0.90423,0.428954,1.14865,0.715492,0.901639,0.428183
2.855,0.903942,0.433606,1.14747,0.721398,0.904548,0.432838
2.865,0.903123,0.438286,1.14408,0.727327,0.901693,0.437511
2.875,0.90159,0.442991,1.14448,0.7333,0.903669,0.442227
2.885,0.905835,0.447752,1.14421,0.739313,0.90558,0.446986
2.895,0.90741,0.452554,1.14155,0.745354,0.904885,0.451775
2.905,0.907412,0.457388,1.14114,0.751434,0.905871,0.456601
2.915,0.906104,0.46225,1.13765,0.757538,0.907126,0.461468
2.925,0.90996,0.467165,1.13783,0.763685,0.905708,0.466361
2.935,0.91324,0.472132,1.13641,0.769866,0.907079,0.471294
2.945,0.912823,0.477131,1.13478,0.77608,0.906322,0.476257
2.955,0.911796,0.482158,1.13315,0.782327,0.906924,0.481258
2.965,0.912385,0.487222,1.13526,0.788629,0.908623,0.486301
2.975,0.911385,0.492315,1.13357,0.794963,0.907321,0.491371
2.985,0.909926,0.497435,1.13351,0.80134,0.907667,0.496478
2.995,0.91097,0.502594,1.13243,0.807754,0.910598,0.501635
3.005,0.911437,0.50779,1.12901,0.814191,0.9107,0.506827
3.015,0.912023,0.513025,1.12919,0.820672,0.909852,0.512049
3.025,0.913896,0.518305,1.12584,0.827177,0.911467,0.517315
3.035,0.912548,0.523612,1.12376,0.833713,0.911019,0.522614
3.045,0.912782,0.528956,1.12302,0.840287,0.909594,0.527939
3.055,0.914026,0.534342,1.12291,0.846904,0.913789,0.533324
3.065,0.911955,0.539751,1.12106,0.853554,0.912602,0.538737
3.075,0.912649,0.5452,1.1201,0.860241,0.912547,0.544185
3.085,0.912199,0.550682,1.11811,0.86696,0.914159,0.549678
3.095,0.914296,0.556211,1.11707,0.873716,0.914214,0.555207
3.105,0.914496,0.561778,1.11649,0.880513,0.915436,0.56078
3.115,0.915865,0.567389,1.116,0.88735,0.91532,0.566387
3.125,0.917173,0.573044,1.11524,0.894227,0.918125,0.572049
3.135,0.917645,0.578739,1.11451,0.901143,0.919329,0.577753
3.145,0.91682,0.584464,1.11365,0.908098,0.919511,0.583496
3.155,0.919356,0.590242,1.11303,0.915093,0.91751,0.589262
3.165,0.91529,0.596031,1.11273,0.922131,0.918511,0.595072
3.175,0.91399,0.601849,1.11153,0.929206,0.917704,0.600913
3.185,0.916834,0.607721,1.11445,0.936344,0.917063,0.606786
3.195,0.920113,0.613652,1.11344,0.94352,0.919992,0.612716
3.205,0.920118,0.619619,1.11182,0.950731,0.919648,0.61868
3.215,0.920193,0.625624,1.10989,0.957974,0.917112,0.624666
3.225,0.921723,0.631677,1.10799,0.96525,0.917904,0.630693
3.235,0.923241,0.637778,1.1071,0.972566,0.917689,0.636757
3.245,0.924686,0.643926,1.10701,0.979926,0.918151,0.642862
3.255,0.922337,0.650096,1.10469,0.987316,0.920014,0.649016
3.265,0.923069,0.656309,1.10573,0.994759,0.92089,0.655214
3.275,0.923895,0.662565,1.10423,1.00224,0.923603,0.661469
3.285,0.923492,0.668857,1.1056,1.00977,0.921781,0.66775
3.295,0.924076,0.675192,1.10414,1.01734,0.922003,0.67407
3.305,0.921733,0.681549,1.10311,1.02495,0.920769,0.68042
3.315,0.925853,0.687973,1.10237,1.0326,0.921425,0.686814
3.325,0.924693,0.694428,1.09982,1.04027,0.920782,0.693241
3.335,0.922145,0.700903,1.09973,1.048,0.921171,0.69971
3.345,0.924134,0.707432,1.09935,1.05576,0.922824,0.706229
3.355,0.924057,0.713999,1.09764,1.06356,0.922752,0.712787
3.365,0.923444,0.720601,1.09716,1.07141,0.922609,0.719383
3.375,0.925056,0.727254,1.09659,1.07929,0.923112,0.726022
3.385,0.924365,0.733942,1.09487,1.08721,0.924872,0.732713
3.395,0.925142,0.740674,1.09383,1.09518,0.925094,0.739446
3.405,0.9254,0.747449,1.09374,1.10318,0.925429,0.74622
3.415,0.925483,0.754263,1.09199,1.11122,0.925947,0.753038
3.425,0.926932,0.761129,1.09251,1.11931,0.925424,0.759893
3.435,0.928053,0.768043,1.09118,1.12744,0.929112,0.766814
3.445,0.927679,0.774994,1.09071,1.13562,0.926537,0.773757
3.455,0.930519,0.782007,1.08855,1.14382,0.926738,0.780742
3.465,0.928658,0.789047,1.08951,1.15208,0.927449,0.787773
3.475,0.928868,0.796129,1.08759,1.16037,0.9283,0.79485
3.485,0.927533,0.803242,1.08773,1.16871,0.931353,0.801992
3.495,0.930327,0.810417,1.08749,1.1771,0.931724,0.809178
3.505,0.930525,0.817635,1.08515,1.18552,0.932782,0.816413
3.515,0.933048,0.824913,1.08579,1.19399,0.932189,0.823685
3.525,0.935005,0.832249,1.08567,1.20251,0.93065,0.830987
3.535,0.936471,0.839638,1.08487,1.21107,0.930776,0.838331
3.545,0.935635,0.847062,1.0845,1.21967,0.932047,0.845726
3.555,0.934604,0.854519,1.08364,1.22832,0.933762,0.853177
3.565,0.937168,0.86204,1.0832,1.23701,0.934671,0.860677
3.575,0.934833,0.869583,1.08393,1.24576,0.934193,0.868216
3.585,0.935577,0.877175,1.0828,1.25454,0.935068,0.875804
3.595,0.934846,0.884804,1.08127,1.26337,0.936797,0.883448
3.605,0.935911,0.892483,1.08129,1.27224,0.936597,0.891133
3.615,0.935874,0.900206,1.08197,1.28117,0.934824,0.898847
3.625,0.934389,0.907958,1.07974,1.29013,0.936397,0.906616
3.635,0.937834,0.915782,1.07897,1.29913,0.936483,0.914429
3.645,0.936919,0.923642,1.07825,1.30817,0.937001,0.922289
3.655,0.935973,0.931536,1.07872,1.31727,0.93505,0.930176
3.665,0.93701,0.939483,1.07767,1.32641,0.934685,0.938103
3.675,0.93687,0.947472,1.07744,1.3356,0.935045,0.946076
3.685,0.933908,0.955479,1.0746,1.34481,0.935924,0.954101
3.695,0.939106,0.963575,1.07524,1.35408,0.937179,0.96218
3.705,0.939996,0.971722,1.07414,1.36339,0.936687,0.970298
3.715,0.940945,0.979921,1.07566,1.37277,0.935762,0.978452
3.725,0.941397,0.988169,1.07366,1.38217,0.93685,0.98666
3.735,0.941729,0.996463,1.07359,1.39163,0.938945,0.99493
3.745,0.942552,1.00481,1.07303,1.40113,0.939205,1.00325
3.755,0.94258,1.0132,1.07355,1.41069,0.938997,1.01161
3.765,0.941407,1.02163,1.07291,1.42029,0.93764,1.02
3.775,0.943309,1.03011,1.07309,1.42995,0.939544,1.02845
3.785,0.940526,1.03862,1.0722,1.43964,0.938836,1.03694
3.795,0.940937,1.04718,1.07096,1.44938,0.939643,1.04549
3.805,0.944086,1.05581,1.071,1.45917,0.939718,1.05408
3.815,0.943171,1.06448,1.07037,1.46901,0.939364,1.06271
3.825,0.944923,1.0732,1.07069,1.4789,0.942001,1.07141
3.835,0.943898,1.08197,1.06891,1.48883,0.941619,1.08016
3.845,0.942129,1.09076,1.0684,1.4988,0.943771,1.08897
3.855,0.94373,1.09962,1.06738,1.50881,0.943095,1.09782
3.865,0.945346,1.10854,1.06691,1.51888,0.942004,1.1067
3.875,0.945288,1.1175,1.06742,1.529,0.941328,1.11563
3.885,0.945028,1.1265,1.06613,1.53916,0.942066,1.1246
3.895,0.945969,1.13556,1.06785,1.54939,0.944045,1.13365
3.905,0.946076,1.14467,1.06565,1.55965,0.946219,1.14276
3.915,0.946401,1.15383,1.06638,1.56997,0.947808,1.15193
3.925,0.944773,1.16302,1.06483,1.58032,0.946612,1.16114
3.935,0.944299,1.17225,1.06426,1.59073,0.946923,1.17039
3.945,0.943929,1.18153,1.0635,1.60118,0.947934,1.17971
3.955,0.944891,1.19086,1.06249,1.61167,0.946443,1.18906
3.965,0.945252,1.20024,1.06399,1.62223,0.94677,1.19845
3.975,0.946381,1.20969,1.06331,1.63284,0.945962,1.20789
3.985,0.945886,1.21917,1.06255,1.6435,0.948575,1.2174
3.995,0.948117,1.22872,1.06259,1.6542,0.949058,1.22697
4.005,0.947387,1.23832,1.06223,1.66496,0.949454,1.23658
4.015,0.948337,1.24797,1.06138,1.67577,0.947343,1.24622
4.025,0.949457,1.25768,1.06122,1.68662,0.946938,1.25591
4.035,0.948187,1.26743,1.06207,1.69754,0.945931,1.26563
4.045,0.947623,1.27722,1.06023,1.70849,0.945082,1.2754
4.055,0.948028,1.28706,1.05977,1.71949,0.944751,1.28521
4.065,0.948435,1.29696,1.05937,1.73055,0.946782,1.29508
4.075,0.950153,1.30692,1.05908,1.74165,0.948545,1.30503
4.085,0.947782,1.31691,1.05858,1.7528,0.948642,1.31502
4.095,0.949994,1.32696,1.05912,1.76402,0.950004,1.32508
4.105,0.948838,1.33706,1.05948,1.77529,0.949333,1.33518
4.115,0.950826,1.34722,1.0586,1.78661,0.948096,1.34532
4.125,0.950492,1.35744,1.05659,1.79796,0.948924,1.35551
4.135,0.95084,1.3677,1.05603,1.80936,0.949291,1.36576
4.145,0.950672,1.37801,1.05601,1.82082,0.950949,1.37608
4.155,0.951562,1.38839,1.0571,1.83234,0.950426,1.38644
4.165,0.950029,1.39879,1.05665,1.84391,0.954016,1.39689
4.175,0.950428,1.40925,1.05636,1.85554,0.95065,1.40735
4.185,0.952485,1.41978,1.05443,1.8672,0.950415,1.41786
4.195,0.951501,1.43036,1.05375,1.87891,0.950688,1.42842
4.205,0.954471,1.44101,1.05285,1.89066,0.950455,1.43903
4.215,0.955104,1.45173,1.05404,1.90249,0.951024,1.4497
4.225,0.954201,1.46248,1.05457,1.91437,0.950001,1.46041
4.235,0.954405,1.47329,1.05357,1.9263,0.948957,1.47115
4.245,0.954171,1.48415,1.05308,1.93829,0.949493,1.48196
4.255,0.954608,1.49506,1.05293,1.95032,0.953604,1.49286
4.265,0.953516,1.50601,1.05341,1.96242,0.952436,1.5038
4.275,0.953983,1.51702,1.05266,1.97457,0.952786,1.51479
4.285,0.955591,1.5281,1.05262,1.98677,0.953513,1.52585
4.295,0.954033,1.53921,1.05246,1.99903,0.954277,1.53696
4.305,0.955154,1.55038,1.05202,2.01134,0.953125,1.54811
4.315,0.956007,1.56162,1.05098,2.02369,0.954531,1.55934
4.325,0.954349,1.57289,1.05029,2.0361,0.952422,1.57058
4.335,0.952974,1.5842,1.05107,2.04857,0.952834,1.58189
4.345,0.954534,1.59558,1.05065,2.06109,0.95307,1.59325
4.355,0.955715,1.60702,1.04985,2.07367,0.955307,1.60469
4.365,0.955126,1.61851,1.04954,2.08629,0.955714,1.61619
4.375,0.957171,1.63008,1.05001,2.09898,0.954632,1.62772
4.385,0.958135,1.64171,1.05042,2.11174,0.954575,1.63931
4.395,0.959988,1.65342,1.04875,2.12453,0.95352,1.65094
4.405,0.958363,1.66516,1.04785,2.13736,0.9533,1.66262
4.415,0.957878,1.67695,1.04854,2.15027,0.955269,1.67438
4.425,0.957751,1.68879,1.04752,2.16322,0.956829,1.68621
4.435,0.958546,1.7007,1.04738,2.17623,0.957181,1.69809
4.445,0.961366,1.71269,1.04872,2.18931,0.957217,1.71004
4.455,0.959359,1.72471,1.0479,2.20244,0.957638,1.72204
4.465,0.961492,1.73681,1.04863,2.21564,0.956653,1.73408
4.475,0.960768,1.74896,1.04841,2.2289,0.95679,1.74618
4.485,0.959471,1.76115,1.04791,2.24221,0.956246,1.75832
4.495,0.959521,1.77339,1.04806,2.25558,0.956937,1.77053
4.505,0.961979,1.78572,1.04843,2.26901,0.959272,1.78282
4.515,0.961136,1.79809,1.0468,2.28248,0.958271,1.79515
4.525,0.961998,1.81052,1.04546,2.296,0.959939,1.80757
4.535,0.96261,1.82302,1.04515,2.30957,0.957881,1.82
4.545,0.961511,1.83556,1.04576,2.32321,0.959612,1.83252
4.555,0.960983,1.84815,1.04639,2.33692,0.960054,1.8451
4.565,0.964433,1.86084,1.04486,2.35067,0.96098,1.85774
4.575,0.960393,1.87354,1.0447,2.36447,0.962689,1.87046
4.585,0.961362,1.8863,1.04483,2.37834,0.958872,1.88319
4.595,0.961285,1.89911,1.04589,2.39229,0.961237,1.896
4.605,0.961438,1.91198,1.0441,2.40627,0.961036,1.90887
4.615,0.961812,1.92492,1.04492,2.42032,0.960269,1.92179
4.625,0.961699,1.93791,1.04339,2.43441,0.958503,1.93473
4.635,0.960633,1.95094,1.04373,2.44857,0.959838,1.94775
4.645,0.962504,1.96405,1.04298,2.46278,0.958068,1.9608
4.655,0.963482,1.97723,1.04297,2.47705,0.959521,1.97393
4.665,0.963749,1.99047,1.04211,2.49136,0.959755,1.98712
4.675,0.962563,2.00376,1.04172,2.50574,0.959902,2.00036
4.685,0.964956,2.01713,1.04081,2.52016,0.960676,2.01368
4.695,0.964685,2.03055,1.04159,2.53466,0.959961,2.02704
4.705,0.964236,2.04403,1.04106,2.54921,0.961314,2.04047
4.715,0.96461,2.05757,1.0407,2.56382,0.962795,2.05399
4.725,0.964541,2.07117,1.04031,2.57848,0.960714,2.06753
4.735,0.964258,2.08482,1.04092,2.59322,0.961574,2.08114
4.745,0.966234,2.09855,1.04006,2.60801,0.961866,2.09482
4.755,0.965603,2.11234,1.04028,2.62286,0.961143,2.10854
4.765,0.966733,2.1262,1.04027,2.63777,0.962483,2.12234
4.775,0.966485,2.14011,1.03897,2.65273,0.96289,2.1362
4.785,0.966937,2.15409,1.03867,2.66774,0.962819,2.15012
4.795,0.970079,2.16817,1.037,2.6828,0.964511,2.16412
4.805,0.968091,2.18228,1.03696,2.69791,0.962749,2.17815
4.815,0.969252,2.19647,1.03797,2.71311,0.964345,2.19227
4.825,0.968434,2.21071,1.03855,2.72837,0.963313,2.20643
4.835,0.968236,2.225,1.03815,2.7437,0.964536,2.22067
4.845,0.966765,2.23933,1.0369,2.75907,0.965265,2.23497
4.855,0.967175,2.25372,1.0382,2.77452,0.965809,2.24935
4.865,0.969319,2.26821,1.0377,2.79002,0.964235,2.26375
4.875,0.968685,2.28274,1.03669,2.80558,0.965184,2.27824
4.885,0.968221,2.29733,1.0359,2.82119,0.965933,2.29279
4.895,0.969499,2.312,1.03753,2.83688,0.96505,2.30739
4.905,0.970625,2.32674,1.03676,2.85263,0.962547,2.32201
4.915,0.970827,2.34155,1.03557,2.86843,0.965258,2.33674
4.925,0.968895,2.35639,1.03615,2.8843,0.964573,2.35151
4.935,0.968664,2.37128,1.03679,2.90024,0.966042,2.36636
4.945,0.969518,2.38625,1.03633,2.91624,0.966595,2.38129
4.955,0.970181,2.40129,1.03621,2.9323,0.96632,2.39627
4.965,0.970735,2.4164,1.03599,2.94843,0.96719,2.41132
4.975,0.968918,2.43154,1.03575,2.96462,0.966025,2.42642
4.985,0.971277,2.44678,1.03391,2.98084,0.967813,2.4416
4.995,0.970203,2.46207,1.03425,2.99713,0.968544,2.45686
5.005,0.972312,2.47744,1.0337,3.01348,0.966597,2.47215
5.015,0.973144,2.4929,1.03347,3.02989,0.967491,2.48751
5.025,0.973002,2.50841,1.03369,3.04637,0.966076,2.50291
5.035,0.970678,2.52395,1.03336,3.06291,0.968175,2.51841
5.045,0.972212,2.53957,1.0326,3.07951,0.966076,2.53393
5.055,0.970785,2.55523,1.03312,3.09618,0.967303,2.54954
5.065,0.973074,2.571,1.0331,3.11291,0.968166,2.56522
5.075,0.971883,2.5868,1.03194,3.12969,0.969122,2.58098
5.085,0.971653,2.60266,1.03071,3.14652,0.967833,2.59678
5.095,0.971582,2.61859,1.03097,3.16342,0.969578,2.61268
5.105,0.972271,2.63459,1.03134,3.18039,0.970581,2.62865
5.115,0.974326,2.65068,1.03315,3.19745,0.970884,2.64468
5.125,0.975095,2.66685,1.03288,3.21458,0.970019,2.66077
5.135,0.974238,2.68307,1.03281,3.23178,0.967865,2.67688
5.145,0.97235,2.69932,1.03235,3.24903,0.970427,2.6931
5.155,0.972764,2.71564,1.03162,3.26634,0.968493,2.70935
5.165,0.973671,2.73204,1.03245,3.28373,0.967373,2.72565
5.175,0.974287,2.74852,1.0325,3.30119,0.96922,2.74204
5.185,0.975083,2.76507,1.03211,3.31871,0.969159,2.75849
5.195,0.973807,2.78166,1.03014,3.33626,0.969643,2.77501
5.205,0.97337,2.79831,1.02944,3.35387,0.970833,2.79162
5.215,0.972271,2.81501,1.03033,3.37157,0.970572,2.80828
5.225,0.973754,2.83179,1.03056,3.38933,0.97144,2.82503
5.235,0.972836,2.84863,1.03003,3.40715,0.971669,2.84184
5.245,0.974279,2.86555,1.0294,3.42503,0.971581,2.85872
5.255,0.974421,2.88254,1.02995,3.44299,0.972774,2.87568
5.265,0.975222,2.89961,1.02942,3.46101,0.972216,2.89269
5.275,0.974819,2.91674,1.03021,3.47911,0.971093,2.90976
5.285,0.974904,2.93393,1.02891,3.49726,0.970102,2.92686
5.295,0.975649,2.9512,1.02891,3.51547,0.971443,2.94406
5.305,0.975186,2.96853,1.02872,3.53375,0.973042,2.96135
5.315,0.97608,2.98594,1.02859,3.5521,0.972486,2.9787
5.325,0.975709,3.00341,1.02874,3.57051,0.971123,2.99608
5.335,0.975675,3.02094,1.02838,3.589,0.97091,3.01353
5.345,0.975466,3.03854,1.02801,3.60754,0.971398,3.03105
5.355,0.975396,3.0562,1.02816,3.62615,0.97136,3.04864
5.365,0.976169,3.07394,1.02921,3.64486,0.972323,3.06631
5.375,0.977,3.09176,1.02989,3.66365,0.973351,3.08407
5.385,0.974933,3.10961,1.02857,3.68248,0.972968,3.10188
5.395,0.976553,3.12755,1.02761,3.70136,0.972429,3.11975
5.405,0.977039,3.14558,1.02769,3.72032,0.972167,3.13768
5.415,0.977257,3.16367,1.02599,3.73931,0.972984,3.1557
5.425,0.978268,3.18185,1.02592,3.75838,0.974019,3.1738
5.435,0.978097,3.20009,1.0263,3.77752,0.974506,3.19197
5.445,0.977601,3.21839,1.02514,3.79671,0.973247,3.21019
5.455,0.977528,3.23676,1.02553,3.81598,0.973185,3.22847
5.465,0.977575,3.25519,1.02587,3.83532,0.973599,3.24683
5.475,0.976855,3.27368,1.02572,3.85474,0.974162,3.26527
5.485,0.977872,3.29225,1.02522,3.87421,0.974699,3.28379
5.495,0.977521,3.31089,1.02576,3.89377,0.974844,3.30237
5.505,0.978397,3.32961,1.02537,3.91339,0.974677,3.32102
5.515,0.978013,3.34839,1.02528,3.93308,0.973458,3.33971
5.525,0.977344,3.36723,1.02577,3.95285,0.975327,3.35851
5.535,0.97953,3.38618,1.02562,3.97269,0.975883,3.37739
5.545,0.97876,3.40518,1.02518,3.99259,0.975119,3.39632
5.555,0.979872,3.42427,1.02566,4.01257,0.976029,3.41534
5.565,0.978969,3.44341,1.02457,4.03261,0.976234,3.43443
5.575,0.978887,3.46262,1.02414,4.05271,0.976311,3.45358
5.585,0.978674,3.4819,1.02203,4.07283,0.976791,3.47282
5.595,0.979929,3.50126,1.02349,4.09306,0.975464,3.4921
5.605,0.980295,3.52071,1.02266,4.11335,0.976012,3.51146
5.615,0.980881,3.54024,1.02426,4.13374,0.975576,3.53088
5.625,0.981201,3.55984,1.02359,4.15419,0.97699,3.5504
5.635,0.979885,3.57948,1.02344,4.17471,0.975458,3.56996
5.645,0.980654,3.59921,1.02256,4.19528,0.975502,3.58958
5.655,0.980313,3.61901,1.02347,4.21595,0.976489,3.6093
5.665,0.979213,3.63885,1.0236,4.23669,0.978594,3.62913
5.675,0.980164,3.65878,1.02263,4.25748,0.977367,3.649
5.685,0.980371,3.67879,1.02227,4.27834,0.9768,3.66894
5.695,0.978768,3.69883,1.02267,4.29929,0.977289,3.68895
5.705,0.978907,3.71894,1.02348,4.32032,0.976765,3.70902
5.715,0.979963,3.73915,1.02147,4.34138,0.97654,3.72916
5.725,0.978482,3.7594,1.0217,4.36253,0.976878,3.74938
5.735,0.981123,3.77978,1.02103,4.38373,0.977747,3.76968
5.745,0.981264,3.80023,1.02121,4.40501,0.978216,3.79006
5.755,0.981137,3.82074,1.02126,4.42637,0.977391,3.8105
5.765,0.981574,3.84134,1.02116,4.4478,0.977862,3.83102
5.775,0.981627,3.86201,1.02189,4.46931,0.976586,3.85159
5.785,0.980703,3.88273,1.02147,4.4909,0.977902,3.87225
5.795,0.981482,3.90354,1.02276,4.51258,0.979049,3.89301
5.805,0.981814,3.92443,1.02198,4.53433,0.978631,3.91383
5.815,0.981133,3.94538,1.02039,4.55611,0.978461,3.93472
5.825,0.982412,3.96643,1.0209,4.57799,0.979777,3.95571
5.835,0.981179,3.98752,1.02019,4.59992,0.979019,3.97676
5.845,0.982351,4.00871,1.02101,4.62194,0.97958,3.99789
5.855,0.981699,4.02996,1.02095,4.64404,0.979038,4.01908
5.865,0.980221,4.05125,1.02126,4.66622,0.980475,4.04037
5.875,0.980486,4.07262,1.02076,4.68847,0.981595,4.06177
5.885,0.97979,4.09404,1.02039,4.71078,0.979037,4.08317
5.895,0.980375,4.11555,1.02027,4.73317,0.980202,4.10468
5.905,0.981073,4.13715,1.01983,4.75562,0.978796,4.12623
5.915,0.981923,4.15884,1.01999,4.77815,0.978663,4.14785
5.925,0.98111,4.18059,1.0201,4.80076,0.979744,4.16957
5.935,0.980318,4.20239,1.01835,4.82341,0.980256,4.19137
5.945,0.982048,4.22431,1.01826,4.84613,0.979597,4.21323
5.955,0.982688,4.24631,1.01794,4.86893,0.978711,4.23514
5.965,0.984059,4.26842,1.01855,4.89181,0.979665,4.25715
5.975,0.983347,4.29058,1.01881,4.91477,0.980569,4.27925
5.985,0.982983,4.31281,1.01909,4.93782,0.980141,4.30142
5.995,0.983041,4.33512,1.01976,4.96096,0.979045,4.32364
6.005,0.982934,4.3575,1.0188,4.98416,0.97891,4.34593
6.015,0.983802,4.37997,1.01807,5.00742,0.980851,4.36833
6.025,0.984091,4.40253,1.01849,5.03076,0.980792,4.39081
6.035,0.982986,4.42513,1.01789,5.05417,0.979814,4.41334
6.045,0.983352,4.44782,1.01812,5.07766,0.980842,4.43597
6.055,0.984515,4.47061,1.01884,5.10124,0.980136,4.45866
6.065,0.984043,4.49347,1.01696,5.12486,0.980008,4.48142
6.075,0.984314,4.5164,1.01846,5.14859,0.98077,4.50428
6.085,0.983658,4.5394,1.01872,5.17241,0.982102,4.52724
6.095,0.983981,4.56248,1.01818,5.19629,0.981246,4.55025
6.105,0.983733,4.58563,1.0183,5.22026,0.983016,4.57339
6.115,0.982782,4.60883,1.01911,5.24432,0.982802,4.59659
6.125,0.982917,4.63211,1.01836,5.26844,0.981938,4.61985
6.135,0.983014,4.65548,1.01755,5.29262,0.981651,4.64318
6.145,0.983351,4.67892,1.0176,5.31688,0.98278,4.66661
6.155,0.983666,4.70245,1.01822,5.34124,0.980684,4.69007
6.165,0.983219,4.72604,1.01764,5.36566,0.981985,4.71363
6.175,0.984342,4.74974,1.01762,5.39016,0.981524,4.73726
6.185,0.982672,4.77348,1.01683,5.41472,0.982858,4.761
6.195,0.982987,4.7973,1.01752,5.43938,0.983309,4.78483
6.205,0.983601,4.82121,1.0188,5.46414,0.983512,4.80874
6.215,0.982263,4.84516,1.01764,5.48896,0.982992,4.83271
6.225,0.982649,4.86921,1.01743,5.51385,0.984575,4.8568
6.235,0.984158,4.89336,1.01718,5.53882,0.982045,4.8809
6.245,0.98286,4.91756,1.01672,5.56386,0.982735,4.9051
6.255,0.984365,4.94188,1.01724,5.58899,0.984413,4.92942
6.265,0.985091,4.96629,1.01762,5.61421,0.984055,4.95381
6.275,0.984873,4.99078,1.01757,5.63951,0.983232,4.97825
6.285,0.983504,5.01531,1.01694,5.66487,0.983327,5.00278
6.295,0.984296,5.03994,1.01781,5.69033,0.984738,5.02742
6.305,0.985314,5.06467,1.01762,5.71588,0.983637,5.0521
6.315,0.985716,5.08949,1.01613,5.74146,0.985515,5.07692
6.325,0.985036,5.11437,1.01749,5.76716,0.986349,5.10183
6.335,0.983033,5.13928,1.01737,5.79294,0.984759,5.12679
6.345,0.982829,5.16426,1.01692,5.81879,0.984432,5.15181
6.355,0.984555,5.18936,1.01751,5.84474,0.985236,5.17693
6.365,0.984387,5.21454,1.01708,5.87076,0.984899,5.20213
6.375,0.984754,5.23981,1.01684,5.89685,0.985169,5.22741
6.385,0.986007,5.26519,1.01562,5.92299,0.985525,5.25277
6.395,0.983946,5.2906,1.01629,5.94923,0.985086,5.27821
6.405,0.984926,5.31611,1.01642,5.97556,0.985232,5.30373
6.415,0.986143,5.34174,1.01606,6.00196,0.98565,5.32934
6.425,0.985004,5.36741,1.0162,6.02845,0.985789,5.35503
6.435,0.984464,5.39315,1.01627,6.05502,0.98559,5.3808
6.445,0.984741,5.41897,1.01575,6.08166,0.984388,5.40662
6.455,0.984573,5.44488,1.01503,6.10836,0.985336,5.43254
6.465,0.983864,5.47084,1.01557,6.13516,0.986707,5.45858
6.475,0.984438,5.4969,1.01455,6.16202,0.986442,5.48469
6.485,0.983887,5.52303,1.01385,6.18894,0.986191,5.51088
6.495,0.985033,5.54926,1.01328,6.21593,0.985966,5.53714
6.505,0.985207,5.57558,1.01429,6.24303,0.986252,5.56349
6.515,0.984684,5.60197,1.01438,6.27022,0.986351,5.58992
6.525,0.985366,5.62846,1.01481,6.2975,0.986036,5.61643
6.535,0.984416,5.65501,1.01417,6.32484,0.985663,5.64301
6.545,0.984939,5.68165,1.01446,6.35228,0.985111,5.66965
6.555,0.985976,5.70839,1.01484,6.37981,0.985203,5.69638
6.565,0.985873,5.73522,1.01588,6.40746,0.986313,5.72322
6.575,0.986013,5.76214,1.01527,6.43517,0.985674,5.75013
6.585,0.986533,5.78915,1.01463,6.46295,0.985659,5.77711
6.595,0.986045,5.81622,1.01425,6.4908,0.985565,5.80418
6.605,0.986457,5.8434,1.01444,6.51875,0.986561,5.83135
6.615,0.987983,5.87069,1.01441,6.54677,0.98716,5.85863
6.625,0.987046,5.89805,1.01439,6.57488,0.985239,5.88593
6.635,0.985234,5.92543,1.01378,6.60306,0.985008,5.91331
6.645,0.986272,5.95293,1.01342,6.63132,0.985677,5.94079
6.655,0.986071,5.9805,1.01413,6.65968,0.985082,5.96833
6.665,0.986092,6.00816,1.01468,6.68814,0.986166,5.99599
6.675,0.986634,6.03592,1.01379,6.71666,0.988196,6.02379
6.685,0.986437,6.06375,1.015,6.7453,0.987324,6.05165
6.695,0.986763,6.09168,1.01459,6.77401,0.985703,6.07955
6.705,0.986226,6.11967,1.01366,6.80278,0.985519,6.10752
6.715,0.985913,6.14774,1.0138,6.83165,0.984934,6.13556
6.725,0.985779,6.17589,1.01372,6.86059,0.985662,6.16371
6.735,0.986827,6.20415,1.01364,6.88963,0.985559,6.19194
6.745,0.986897,6.2325,1.01412,6.91876,0.986956,6.22029
6.755,0.985554,6.26089,1.01436,6.94798,0.987185,6.24873
6.765,0.986168,6.28939,1.0139,6.97728,0.987112,6.27725
6.775,0.986737,6.31799,1.014,7.00667,0.986423,6.30584
6.785,0.986979,6.34668,1.01335,7.03612,0.986156,6.3345
6.795,0.987014,6.37545,1.01246,7.06564,0.985794,6.36324
6.805,0.986385,6.40429,1.01294,7.09525,0.988146,6.39213
6.815,0.986121,6.43321,1.01342,7.12497,0.987109,6.42108
6.825,0.987305,6.46224,1.013,7.15477,0.98566,6.45007
6.835,0.988135,6.49139,1.01374,7.18467,0.9858,6.47915
6.845,0.986631,6.52058,1.01358,7.21465,0.985543,6.5083
6.855,0.986192,6.54984,1.01313,7.24471,0.985479,6.53754
6.865,0.988024,6.57924,1.01236,7.27484,0.985639,6.56687
6.875,0.986841,6.60869,1.01342,7.30508,0.985253,6.59627
6.885,0.987549,6.63825,1.01284,7.3354,0.986734,6.62581
6.895,0.985828,6.66784,1.01286,7.3658,0.987425,6.65545
6.905,0.985022,6.69749,1.01207,7.39627,0.985553,6.68511
6.915,0.986368,6.72727,1.01207,7.42682,0.986181,6.71489
6.925,0.987265,6.75716,1.01187,7.45746,0.985232,6.74472
6.935,0.986373,6.78712,1.0116,7.48818,0.986415,6.77467
6.945,0.987241,6.81718,1.01109,7.51897,0.986786,6.80473
6.955,0.987757,6.84735,1.01208,7.54988,0.986158,6.83484
6.965,0.987423,6.87759,1.01129,7.58086,0.987326,6.86509
6.975,0.988183,6.90795,1.01167,7.61193,0.98715,6.89541
6.985,0.988887,6.93841,1.0114,7.64309,0.988222,6.92585
6.995,0.987338,6.96891,1.01151,7.67434,0.988449,6.95639
7.005,0.98952,6.99957,1.0116,7.70568,0.987032,6.98697
7.015,0.988823,7.0303,1.0122,7.73713,0.986916,7.01763
7.025,0.989931,7.06114,1.01123,7.76864,0.987088,7.04839
7.035,0.98932,7.09206,1.01201,7.80027,0.987423,7.07925
7.045,0.989482,7.12306,1.01193,7.83198,0.988707,7.11023
7.055,0.988353,7.15412,1.01089,7.86375,0.987898,7.14127
7.065,0.987999,7.18526,1.00991,7.89558,0.988421,7.17242
7.075,0.988693,7.21651,1.01039,7.92751,0.987155,7.20362
7.085,0.989349,7.24786,1.01135,7.95956,0.98847,7.23495
7.095,0.989512,7.27931,1.0114,7.99171,0.988828,7.26638
7.105,0.990065,7.31087,1.01202,8.02397,0.988463,7.29789
7.115,0.990206,7.34252,1.01184,8.05631,0.989729,7.32952
7.125,0.989535,7.37424,1.01115,8.08872,0.990105,7.36126
7.135,0.989877,7.40606,1.01082,8.12121,0.989575,7.39306
7.145,0.989734,7.43796,1.0113,8.15381,0.989199,7.42495
7.155,0.989949,7.46996,1.01097,8.18649,0.990121,7.45695
7.165,0.989416,7.50203,1.01126,8.21926,0.990151,7.48905
7.175,0.990391,7.53422,1.01071,8.25212,0.989991,7.52123
7.185,0.991358,7.56653,1.01115,8.28508,0.990825,7.55352
7.195,0.990881,7.59892,1.01116,8.31813,0.991386,7.58593
7.205,0.991138,7.63141,1.01053,8.35125,0.990867,7.6184
7.215,0.990829,7.66397,1.01012,8.38445,0.990745,7.65097
7.225,0.990867,7.69663,1.0106,8.41776,0.990787,7.68362
7.235,0.989649,7.72934,1.01044,8.45115,0.990532,7.71636
7.245,0.991118,7.76219,1.01017,8.48463,0.990789,7.7492
7.255,0.991567,7.79514,1.01052,8.51822,0.99087,7.78213
7.265,0.990805,7.82816,1.01028,8.55189,0.991173,7.81516
7.275,0.991618,7.86129,1.01078,8.58566,0.990486,7.84826
7.285,0.991278,7.89451,1.00985,8.6195,0.990489,7.88145
7.295,0.990619,7.9278,1.01009,8.65344,0.990506,7.91473
7.305,0.991247,7.96119,1.01024,8.68748,0.989647,7.94807
7.315,0.990267,7.99465,1.01038,8.72162,0.99009,7.98152
7.325,0.990273,8.0282,1.00987,8.75583,0.989772,8.01505
7.335,0.991033,8.06186,1.00957,8.79012,0.988783,8.04864
7.345,0.991366,8.09563,1.00964,8.82452,0.989702,8.08236
7.355,0.991164,8.12949,1.01044,8.85903,0.990255,8.11618
7.365,0.990906,8.16342,1.01003,8.89362,0.990124,8.15009
7.375,0.98978,8.19741,1.00972,8.9283,0.991581,8.18414
7.385,0.99089,8.23154,1.01024,8.96308,0.992538,8.21832
7.395,0.991638,8.26578,1.01067,8.99798,0.992127,8.25258
7.405,0.991607,8.30011,1.01038,9.03296,0.991933,8.28692
7.415,0.991561,8.33453,1.01072,9.06805,0.991553,8.32134
7.425,0.991169,8.36903,1.00935,9.10318,0.991232,8.35584
7.435,0.992984,8.40369,1.01004,9.13844,0.992686,8.39049
7.445,0.9912,8.43838,1.01061,9.17381,0.991356,8.42519
7.455,0.992198,8.47319,1.01062,9.20927,0.991038,8.45996
7.465,0.991991,8.5081,1.01025,9.24482,0.991365,8.49484
7.475,0.993027,8.54313,1.00969,9.28044,0.990976,8.5298
7.485,0.992315,8.57823,1.00962,9.31615,0.991091,8.56486
7.495,0.991569,8.6134,1.00939,9.35195,0.991759,8.60004
7.505,0.991694,8.64867,1.00968,9.38786,0.991387,8.63529
7.515,0.99147,8.68402,1.01008,9.42388,0.991769,8.67066
7.525,0.991433,8.71947,1.0098,9.45998,0.991929,8.70612
7.535,0.991564,8.75502,1.00979,9.49618,0.99152,8.74167
7.545,0.992512,8.79069,1.00961,9.53247,0.991195,8.77729
7.555,0.99326,8.82648,1.00985,9.56886,0.991207,8.81302
7.565,0.992618,8.86235,1.00998,9.60536,0.990707,8.84881
7.575,0.992881,8.89832,1.00945,9.64193,0.991448,8.88473
7.585,0.993451,8.93441,1.00976,9.67861,0.99076,8.92072
7.595,0.992307,8.97055,1.00926,9.71537,0.990693,8.95681
7.605,0.993387,9.00683,1.00956,9.75224,0.991763,8.99302
7.615,0.992643,9.04317,1.00932,9.78919,0.991567,9.02933
7.625,0.993432,9.07964,1.0089,9.82623,0.990985,9.0657
7.635,0.994512,9.11624,1.00981,9.8634,0.992172,9.10222
7.645,0.99411,9.15293,1.00813,9.9006,0.990395,9.13877
7.655,0.995038,9.18974,1.00877,9.93792,0.992154,9.17548
7.665,0.994085,9.22662,1.00903,9.97535,0.991361,9.21225
7.675,0.994426,9.2636,1.00881,10.0129,0.991745,9.24914
7.685,0.994247,9.30068,1.00906,10.0505,0.992661,9.28615
7.695,0.994086,9.33785,1.00811,10.0882,0.992812,9.32327
7.705,0.993932,9.3751,1.00901,10.126,0.992506,9.36048
7.715,0.994951,9.41249,1.00835,10.1639,0.992014,9.39776
7.725,0.993291,9.44992,1.00801,10.2019,0.991723,9.43512
7.735,0.99325,9.48744,1.00801,10.24,0.992016,9.4726
7.745,0.993016,9.52505,1.008,10.2781,0.992195,9.51018
7.755,0.993008,9.56276,1.00796,10.3164,0.992982,9.54788
7.765,0.993732,9.60059,1.00747,10.3548,0.992619,9.58567
7.775,0.994181,9.63853,1.008,10.3932,0.993016,9.62357
7.785,0.993268,9.67654,1.00847,10.4318,0.993671,9.6616
7.795,0.993984,9.71467,1.00838,10.4705,0.99347,9.69971
7.805,0.993611,9.75289,1.00889,10.5093,0.991716,9.73785
7.815,0.994237,9.79123,1.00837,10.5482,0.992179,9.77611
7.825,0.994508,9.82968,1.0074,10.5872,0.991738,9.81446
7.835,0.994388,9.86822,1.0078,10.6262,0.990729,9.85286
7.845,0.993068,9.90681,1.00833,10.6654,0.991305,9.89138
7.855,0.994614,9.94556,1.00803,10.7047,0.992138,9.93003
7.865,0.994024,9.98438,1.00809,10.7441,0.992473,9.96879
7.875,0.99432,10.0233,1.00826,10.7835,0.993974,10.0077
7.885,0.993987,10.0623,1.00778,10.8231,0.993003,10.0467
7.895,0.995073,10.1015,1.00761,10.8627,0.993315,10.0858
7.905,0.994706,10.1407,1.0074,10.9025,0.992947,10.125
7.915,0.994371,10.1801,1.00734,10.9423,0.993753,10.1643
7.925,0.993392,10.2195,1.00774,10.9823,0.993025,10.2036
7.935,0.994114,10.259,1.00674,11.0223,0.993034,10.2431
7.945,0.994282,10.2986,1.0071,11.0625,0.992976,10.2827
7.955,0.993178,10.3383,1.00695,11.1027,0.99297,10.3224
7.965,0.994242,10.3781,1.00724,11.143,0.992395,10.3621
7.975,0.994674,10.4181,1.0074,11.1835,0.992979,10.402
7.985,0.99517,10.4581,1.00769,11.2241,0.992306,10.4419
7.995,0.995414,10.4983,1.0073,11.2647,0.993394,10.482
