pair,r_A,lammps,rbmd
O-O,0.03,0,0
O-O,0.09,0,0
O-O,0.15,0,0
O-O,0.21,0,0
O-O,0.27,0,0
O-O,0.33,0,0
O-O,0.39,0,0
O-O,0.45,0,0
O-O,0.51,0,0
O-O,0.57,0,0
O-O,0.63,0,0
O-O,0.69,0,0
O-O,0.75,0,0
O-O,0.81,0,0
O-O,0.87,0,0
O-O,0.93,0,0
O-O,0.99,0,0
O-O,1.05,0,0
O-O,1.11,0,0
O-O,1.17,0,0
O-O,1.23,0,0
O-O,1.29,0,0
O-O,1.35,0,0
O-O,1.41,0,0
O-O,1.47,0,0
O-O,1.53,0,0
O-O,1.59,0,0
O-O,1.65,0,0
O-O,1.71,0,0
O-O,1.77,0,0
O-O,1.83,0,0
O-O,1.89,0,0
O-O,1.95,0,0
O-O,2.01,0,0
O-O,2.07,0,0
O-O,2.13,0,0
O-O,2.19,0,0
O-O,2.25,0,0
O-O,2.31,0,0
O-O,2.37,0.0000116345,0.0000116345
O-O,2.43,0.00261736,0.00224661
O-O,2.49,0.0629617,0.0548774
O-O,2.55,0.445884,0.408664
O-O,2.61,1.37518,1.35167
O-O,2.67,2.47521,2.49884
O-O,2.73,3.03579,3.11428
O-O,2.79,2.92799,3.01494
O-O,2.85,2.46521,2.50808
O-O,2.91,1.93588,1.94043
O-O,2.97,1.4987,1.48436
O-O,3.03,1.19478,1.16662
O-O,3.09,1.00066,0.972541
O-O,3.15,0.894734,0.866098
O-O,3.21,0.841203,0.812841
O-O,3.27,0.810486,0.787396
O-O,3.33,0.808482,0.782492
O-O,3.39,0.808573,0.794055
O-O,3.45,0.818176,0.804606
O-O,3.51,0.831315,0.819109
O-O,3.57,0.846228,0.839854
O-O,3.63,0.867617,0.858427
O-O,3.69,0.891297,0.877743
O-O,3.75,0.901684,0.902086
O-O,3.81,0.927233,0.923265
O-O,3.87,0.951059,0.950243
O-O,3.93,0.973981,0.971472
O-O,3.99,0.987168,0.996472
O-O,4.05,1.01302,1.02186
O-O,4.11,1.03707,1.04229
O-O,4.17,1.05377,1.062
O-O,4.23,1.07132,1.08394
O-O,4.29,1.08572,1.09812
O-O,4.35,1.09814,1.11095
O-O,4.41,1.10489,1.11925
O-O,4.47,1.11622,1.12501
O-O,4.53,1.11225,1.12612
O-O,4.59,1.10501,1.1204
O-O,4.65,1.10784,1.11321
O-O,4.71,1.10117,1.1065
O-O,4.77,1.07995,1.09287
O-O,4.83,1.07318,1.07657
O-O,4.89,1.05801,1.06245
O-O,4.95,1.04166,1.04467
O-O,5.01,1.02672,1.02685
O-O,5.07,1.00712,1.01215
O-O,5.13,0.996799,0.995278
O-O,5.19,0.979726,0.975585
O-O,5.25,0.96535,0.962773
O-O,5.31,0.949148,0.945727
O-O,5.37,0.936778,0.929846
O-O,5.43,0.923598,0.917832
O-O,5.49,0.916243,0.905307
O-O,5.55,0.909973,0.895826
O-O,5.61,0.899566,0.890042
O-O,5.67,0.903451,0.890159
O-O,5.73,0.90263,0.894532
O-O,5.79,0.90871,0.902327
O-O,5.85,0.918068,0.911385
O-O,5.91,0.926937,0.921351
O-O,5.97,0.938201,0.933201
O-O,6.03,0.951484,0.94704
O-O,6.09,0.965119,0.958949
O-O,6.15,0.973085,0.972157
O-O,6.21,0.985344,0.9844
O-O,6.27,0.998728,0.996236
O-O,6.33,1.00561,1.00706
O-O,6.39,1.01219,1.01828
O-O,6.45,1.0221,1.02543
O-O,6.51,1.02782,1.03202
O-O,6.57,1.03109,1.03835
O-O,6.63,1.04041,1.04548
O-O,6.69,1.04009,1.04804
O-O,6.75,1.04908,1.0493
O-O,6.81,1.04578,1.04958
O-O,6.87,1.04809,1.04914
O-O,6.93,1.03961,1.04717
O-O,6.99,1.03881,1.04541
O-O,7.05,1.03742,1.04172
O-O,7.11,1.03331,1.03687
O-O,7.17,1.03027,1.03264
O-O,7.23,1.02586,1.02632
O-O,7.29,1.0243,1.02144
O-O,7.35,1.01846,1.01729
O-O,7.41,1.01309,1.0102
O-O,7.47,1.00526,1.00555
O-O,7.53,1.00114,0.999894
O-O,7.59,0.99881,0.996226
O-O,7.65,0.991854,0.991833
O-O,7.71,0.992321,0.989723
O-O,7.77,0.98513,0.987603
O-O,7.83,0.990391,0.984795
O-O,7.89,0.986122,0.982369
O-O,7.95,0.987144,0.983396
O-O,8.01,0.985841,0.983942
O-O,8.07,0.985376,0.984974
O-O,8.13,0.98518,0.984874
O-O,8.19,0.984685,0.985842
O-O,8.25,0.99089,0.987693
O-O,8.31,0.986516,0.989932
O-O,8.37,0.99153,0.990409
O-O,8.43,0.99184,0.993658
O-O,8.49,0.994826,0.995899
O-O,8.55,0.996214,0.997546
O-O,8.61,0.997802,0.998987
O-O,8.67,0.999907,1.00006
O-O,8.73,1.00123,1.00164
O-O,8.79,1.00065,1.00284
O-O,8.85,1.00119,1.00343
O-O,8.91,1.00393,1.00386
O-O,8.97,1.00396,1.00379
O-H,0.03,0,0
O-H,0.09,0,0
O-H,0.15,0,0
O-H,0.21,0,0
O-H,0.27,0,0
O-H,0.33,0,0
O-H,0.39,0,0
O-H,0.45,0,0
O-H,0.51,0,0
O-H,0.57,0,0
O-H,0.63,0,0
O-H,0.69,0,0
O-H,0.75,0,0
O-H,0.81,0,0
O-H,0.87,0,0
O-H,0.93,0,0
O-H,0.99,0,0
O-H,1.05,0,0
O-H,1.11,0,0
O-H,1.17,0,0
O-H,1.23,0,0
O-H,1.29,0,0
O-H,1.35,0.0000044815,0
O-H,1.41,0.000135572,0.000115031
O-H,1.47,0.00810381,0.00710217
O-H,1.53,0.0935688,0.081758
O-H,1.59,0.410567,0.385657
O-H,1.65,0.961204,0.941961
O-H,1.71,1.43383,1.44476
O-H,1.77,1.59888,1.63085
O-H,1.83,1.46172,1.50719
O-H,1.89,1.20383,1.22629
O-H,1.95,0.915366,0.930371
O-H,2.01,0.679955,0.684069
O-H,2.07,0.501283,0.500869
O-H,2.13,0.377548,0.370652
O-H,2.19,0.292377,0.284897
O-H,2.25,0.237378,0.230932
O-H,2.31,0.205087,0.195974
O-H,2.37,0.185663,0.179434
O-H,2.43,0.185142,0.176854
O-H,2.49,0.196704,0.187764
O-H,2.55,0.225066,0.218269
O-H,2.61,0.275872,0.265617
O-H,2.67,0.343874,0.335177
O-H,2.73,0.432953,0.423326
O-H,2.79,0.543469,0.533152
O-H,2.85,0.67124,0.664597
O-H,2.91,0.824936,0.820909
O-H,2.97,1.00319,0.998224
O-H,3.03,1.19276,1.18654
O-H,3.09,1.36177,1.36275
O-H,3.15,1.49116,1.49569
O-H,3.21,1.55572,1.56703
O-H,3.27,1.5676,1.57679
O-H,3.33,1.5308,1.53986
O-H,3.39,1.47036,1.47763
O-H,3.45,1.39672,1.40166
O-H,3.51,1.32107,1.32459
O-H,3.57,1.24365,1.24789
O-H,3.63,1.17729,1.17671
O-H,3.69,1.11659,1.11502
O-H,3.75,1.06406,1.06546
O-H,3.81,1.03309,1.02826
O-H,3.87,1.00472,1.0041
O-H,3.93,0.991093,0.989969
O-H,3.99,0.980808,0.980015
O-H,4.05,0.977209,0.976056
O-H,4.11,0.97299,0.972971
O-H,4.17,0.96969,0.971807
O-H,4.23,0.968288,0.969186
O-H,4.29,0.967409,0.967375
O-H,4.35,0.965831,0.964768
O-H,4.41,0.96298,0.961985
O-H,4.47,0.95874,0.958233
O-H,4.53,0.957518,0.956832
O-H,4.59,0.955598,0.956015
O-H,4.65,0.9558,0.956853
O-H,4.71,0.959906,0.958262
O-H,4.77,0.962226,0.963578
O-H,4.83,0.968329,0.968812
O-H,4.89,0.972095,0.975337
O-H,4.95,0.981941,0.983789
O-H,5.01,0.990325,0.990946
O-H,5.07,0.996777,0.999556
O-H,5.13,1.00667,1.00761
O-H,5.19,1.0101,1.01211
O-H,5.25,1.0134,1.01693
O-H,5.31,1.01709,1.01952
O-H,5.37,1.02151,1.02144
O-H,5.43,1.02276,1.0229
O-H,5.49,1.0215,1.02116
O-H,5.55,1.01693,1.01897
O-H,5.61,1.01443,1.0152
O-H,5.67,1.01033,1.01039
O-H,5.73,1.00613,1.00385
O-H,5.79,1.00079,0.998269
O-H,5.85,0.992242,0.991092
O-H,5.91,0.987607,0.983316
O-H,5.97,0.981728,0.977628
O-H,6.03,0.974894,0.971568
O-H,6.09,0.96983,0.969142
O-H,6.15,0.968091,0.965243
O-H,6.21,0.966816,0.964565
O-H,6.27,0.967511,0.964876
O-H,6.33,0.968697,0.965696
O-H,6.39,0.969001,0.968197
O-H,6.45,0.972906,0.971717
O-H,6.51,0.976155,0.974326
O-H,6.57,0.982551,0.979745
O-H,6.63,0.98645,0.984107
O-H,6.69,0.98903,0.989307
O-H,6.75,0.995572,0.994063
O-H,6.81,0.998953,0.998806
O-H,6.87,1.00183,1.00257
O-H,6.93,1.00677,1.00753
O-H,6.99,1.00969,1.01149
O-H,7.05,1.01303,1.01487
O-H,7.11,1.0165,1.01879
O-H,7.17,1.01859,1.02017
O-H,7.23,1.01991,1.02212
O-H,7.29,1.02285,1.02378
O-H,7.35,1.02325,1.02478
O-H,7.41,1.02374,1.02479
O-H,7.47,1.02333,1.02385
O-H,7.53,1.02276,1.02342
O-H,7.59,1.02055,1.02186
O-H,7.65,1.01912,1.02078
O-H,7.71,1.01742,1.01835
O-H,7.77,1.0142,1.01627
O-H,7.83,1.01095,1.01238
O-H,7.89,1.00882,1.01095
O-H,7.95,1.00696,1.00687
O-H,8.01,1.00425,1.00365
O-H,8.07,1.00115,1.00151
O-H,8.13,0.997695,0.998893
O-H,8.19,0.995967,0.99593
O-H,8.25,0.992903,0.993483
O-H,8.31,0.991601,0.9911
O-H,8.37,0.990322,0.990594
O-H,8.43,0.990092,0.988545
O-H,8.49,0.987939,0.98836
O-H,8.55,0.988116,0.987236
O-H,8.61,0.987927,0.987565
O-H,8.67,0.989132,0.987914
O-H,8.73,0.988899,0.987918
O-H,8.79,0.989899,0.989231
O-H,8.85,0.99127,0.989751
O-H,8.91,0.991859,0.991255
O-H,8.97,0.9954,0.992614
H-H,0.03,0,0
H-H,0.09,0,0
H-H,0.15,0,0
H-H,0.21,0,0
H-H,0.27,0,0
H-H,0.33,0,0
H-H,0.39,0,0
H-H,0.45,0,0
H-H,0.51,0,0
H-H,0.57,0,0
H-H,0.63,0,0
H-H,0.69,0,0
H-H,0.75,0,0
H-H,0.81,0,0
H-H,0.87,0,0
H-H,0.93,0,0
H-H,0.99,0,0
H-H,1.05,0,0
H-H,1.11,0,0
H-H,1.17,0,0
H-H,1.23,0,0
H-H,1.29,0.000137426,0
H-H,1.35,0.0000268894,0.0000313709
H-H,1.41,0.0001479,0.000156116
H-H,1.47,0.000548077,0.000559416
H-H,1.53,0.00276347,0.00244944
H-H,1.59,0.00852956,0.00860387
H-H,1.65,0.0236477,0.0231977
H-H,1.71,0.0551694,0.0543873
H-H,1.77,0.110737,0.108928
H-H,1.83,0.201288,0.195273
H-H,1.89,0.318992,0.314263
H-H,1.95,0.468782,0.461764
H-H,2.01,0.638984,0.629326
H-H,2.07,0.811056,0.808724
H-H,2.13,0.981578,0.979252
H-H,2.19,1.12813,1.1328
H-H,2.25,1.24841,1.25572
H-H,2.31,1.32536,1.33412
H-H,2.37,1.35028,1.36721
H-H,2.43,1.3422,1.35429
H-H,2.49,1.28335,1.29198
H-H,2.55,1.19156,1.20407
H-H,2.61,1.08766,1.08973
H-H,2.67,0.972959,0.971074
H-H,2.73,0.871941,0.865848
H-H,2.79,0.789198,0.783415
H-H,2.85,0.735462,0.727913
H-H,2.91,0.705077,0.699056
H-H,2.97,0.698826,0.690552
H-H,3.03,0.706233,0.697589
H-H,3.09,0.7208,0.716658
H-H,3.15,0.752956,0.745922
H-H,3.21,0.788544,0.780857
H-H,3.27,0.826955,0.82154
H-H,3.33,0.870059,0.864881
H-H,3.39,0.912087,0.908683
H-H,3.45,0.956195,0.955632
H-H,3.51,1.00097,1.00114
H-H,3.57,1.04367,1.04424
H-H,3.63,1.08553,1.0856
H-H,3.69,1.11945,1.11942
H-H,3.75,1.1431,1.14667
H-H,3.81,1.16212,1.16578
H-H,3.87,1.17212,1.17315
H-H,3.93,1.17104,1.17302
H-H,3.99,1.15487,1.15881
H-H,4.05,1.13647,1.13728
H-H,4.11,1.11007,1.11215
H-H,4.17,1.08756,1.08978
H-H,4.23,1.06357,1.06817
H-H,4.29,1.0493,1.05137
H-H,4.35,1.03898,1.04144
H-H,4.41,1.03365,1.03363
H-H,4.47,1.02548,1.03128
H-H,4.53,1.0276,1.02747
H-H,4.59,1.02342,1.02523
H-H,4.65,1.02091,1.02327
H-H,4.71,1.01883,1.01871
H-H,4.77,1.01314,1.01366
H-H,4.83,1.00696,1.00822
H-H,4.89,1.00024,1.00048
H-H,4.95,0.993372,0.992851
H-H,5.01,0.987227,0.985142
H-H,5.07,0.976953,0.978159
H-H,5.13,0.96829,0.971208
H-H,5.19,0.963647,0.965798
H-H,5.25,0.961266,0.961185
H-H,5.31,0.960584,0.959001
H-H,5.37,0.958065,0.958101
H-H,5.43,0.958858,0.958002
H-H,5.49,0.961815,0.960546
H-H,5.55,0.963991,0.96257
H-H,5.61,0.969747,0.967277
H-H,5.67,0.973669,0.973209
H-H,5.73,0.980921,0.979081
H-H,5.79,0.986632,0.983825
H-H,5.85,0.988813,0.988872
H-H,5.91,0.996236,0.994119
H-H,5.97,0.997072,0.997226
H-H,6.03,1.0025,1.0009
H-H,6.09,1.00308,1.00335
H-H,6.15,1.00711,1.00475
H-H,6.21,1.00572,1.00541
H-H,6.27,1.00598,1.00499
H-H,6.33,1.00552,1.00501
H-H,6.39,1.0041,1.0041
H-H,6.45,1.00187,1.00246
H-H,6.51,1.00343,1.00068
H-H,6.57,1.00065,0.99962
H-H,6.63,0.999422,0.998221
H-H,6.69,0.999873,0.998229
H-H,6.75,0.997856,0.997337
H-H,6.81,0.997239,0.997772
H-H,6.87,0.997243,0.99758
H-H,6.93,0.9985,0.998147
H-H,6.99,0.999782,0.99898
H-H,7.05,0.998716,0.999134
H-H,7.11,0.999813,0.999726
H-H,7.17,0.999963,1.00202
H-H,7.23,1.00273,1.0021
H-H,7.29,1.00234,1.00269
H-H,7.35,1.00285,1.00348
H-H,7.41,1.00329,1.00403
H-H,7.47,1.00606,1.0051
H-H,7.53,1.00494,1.00547
H-H,7.59,1.00402,1.00613
H-H,7.65,1.00598,1.00631
H-H,7.71,1.00552,1.00678
H-H,7.77,1.00578,1.00738
H-H,7.83,1.00587,1.00743
H-H,7.89,1.00707,1.00686
H-H,7.95,1.00472,1.00653
H-H,8.01,1.00734,1.0067
H-H,8.07,1.00595,1.00693
H-H,8.13,1.00497,1.00613
H-H,8.19,1.0061,1.00568
H-H,8.25,1.00542,1.00498
H-H,8.31,1.00465,1.00454
H-H,8.37,1.00344,1.00323
H-H,8.43,1.00224,1.00245
H-H,8.49,1.0007,1.00146
H-H,8.55,1.00078,1.00054
H-H,8.61,1.00014,0.999708
H-H,8.67,0.997816,0.997953
H-H,8.73,0.997392,0.997215
H-H,8.79,0.994739,0.99601
H-H,8.85,0.995145,0.9956
H-H,8.91,0.995139,0.99466
H-H,8.97,0.994707,0.994911
