0	a02r1n07	0
1	a02r1n07	1
2	a02r1n07	2
3	a02r1n07	3
4	a02r1n08	0
5	a02r1n08	1
6	a02r1n08	2
7	a02r1n08	3
8	a02r1n09	0
9	a02r1n09	1
10	a02r1n09	2
11	a02r1n09	3
12	a02r1n10	0
13	a02r1n10	1
14	a02r1n10	2
15	a02r1n10	3
16	a02r1n11	0
17	a02r1n11	1
18	a02r1n11	2
19	a02r1n11	3
20	a02r1n12	0
21	a02r1n12	1
22	a02r1n12	2
23	a02r1n12	3
24	a02r1n13	0
25	a02r1n13	1
26	a02r1n13	2
27	a02r1n13	3
28	a02r1n14	0
29	a02r1n14	1
30	a02r1n14	2
31	a02r1n14	3
32	a02r2n04	0
33	a02r2n04	1
34	a02r2n04	2
35	a02r2n04	3
36	a02r2n05	0
37	a02r2n05	1
38	a02r2n05	2
39	a02r2n05	3
40	a02r2n06	0
41	a02r2n06	1
42	a02r2n06	2
43	a02r2n06	3
44	a02r2n07	0
45	a02r2n07	1
46	a02r2n07	2
47	a02r2n07	3
48	a02r2n08	0
49	a02r2n08	1
50	a02r2n08	2
51	a02r2n08	3
52	a02r2n09	0
53	a02r2n09	1
54	a02r2n09	2
55	a02r2n09	3
56	a02r2n10	0
57	a02r2n10	1
58	a02r2n10	2
59	a02r2n10	3
60	a02r2n11	0
61	a02r2n11	1
62	a02r2n11	2
63	a02r2n11	3
