r,rbmd_g_r,reference_g_r,difference
0.005,0.0,0.0,0.0
0.015,0.0,0.0,0.0
0.025,0.0,0.0,0.0
0.035,0.0,0.0,0.0
0.045,0.0,0.0,0.0
0.055,0.0,0.0,0.0
0.065,0.0,0.0,0.0
0.07500000000000001,0.0,0.0,0.0
0.08499999999999999,0.0,0.0,0.0
0.095,0.0,0.0,0.0
0.10500000000000001,0.0,0.0,0.0
0.11499999999999999,0.0,0.0,0.0
0.125,0.0,0.0,0.0
0.135,0.0,0.0,0.0
0.14500000000000002,0.0,0.0,0.0
0.155,0.0,0.0,0.0
0.165,0.0,0.0,0.0
0.175,0.0,0.0,0.0
0.185,0.0,0.0,0.0
0.195,0.0,0.0,0.0
0.20500000000000002,0.0,0.0,0.0
0.215,0.0,0.0,0.0
0.225,0.0,0.0,0.0
0.235,0.0,0.0,0.0
0.245,0.0,0.0,0.0
0.255,0.0,0.0,0.0
0.265,0.0,0.0,0.0
0.275,0.0,0.0,0.0
0.28500000000000003,0.0,0.0,0.0
0.295,0.0,0.0,0.0
0.305,0.0,0.0,0.0
0.315,0.0,0.0,0.0
0.325,0.0,0.0,0.0
0.335,0.0,0.0,0.0
0.34500000000000003,0.0,0.0,0.0
0.355,0.0,0.0,0.0
0.365,0.0,0.0,0.0
0.375,0.0,0.0,0.0
0.385,0.0,0.0,0.0
0.395,0.0,0.0,0.0
0.405,0.0,0.0,0.0
0.41500000000000004,0.0,0.0,0.0
0.425,0.0,0.0,0.0
0.435,0.0,0.0,0.0
0.445,0.0,0.0,0.0
0.455,0.0,0.0,0.0
0.465,0.0,0.0,0.0
0.475,0.0,0.0,0.0
0.485,0.0,0.0,0.0
0.495,0.0,0.0,0.0
0.505,0.0,0.0,0.0
0.515,0.0,0.0,0.0
0.525,0.0,0.0,0.0
0.535,0.0,0.0,0.0
0.545,0.0,0.0,0.0
0.555,0.0,0.0,0.0
0.5650000000000001,0.0,0.0,0.0
0.575,0.0,0.0,0.0
0.585,0.0,0.0,0.0
0.595,0.0,0.0,0.0
0.605,0.0,0.0,0.0
0.615,0.0,0.0,0.0
0.625,0.0,0.0,0.0
0.635,0.0,0.0,0.0
0.645,0.0,0.0,0.0
0.655,0.0,0.0,0.0
0.665,0.0,0.0,0.0
0.675,0.0,0.0,0.0
0.685,0.0,0.0,0.0
0.6950000000000001,0.0,0.0,0.0
0.7050000000000001,0.0,0.0,0.0
0.715,0.0,0.0,0.0
0.725,0.0,0.0,0.0
0.735,0.0,0.0,0.0
0.745,0.0,0.0,0.0
0.755,0.0,0.0,0.0
0.765,0.0,0.0,0.0
0.775,0.0,0.0,0.0
0.785,0.0,0.0,0.0
0.795,0.0,0.0,0.0
0.805,0.0,0.0,0.0
0.8150000000000001,0.0,0.0,0.0
0.8250000000000001,0.0,0.0,0.0
0.835,0.0,0.0,0.0
0.845,0.0,0.0,0.0
0.855,0.0,0.0,0.0
0.865,1.0583540135399459e-05,1.05835e-05,4.013539945947305e-11
0.875,7.240110923136313e-05,7.24011e-05,9.23136313755752e-12
0.885,0.0003033179453793811,0.000353871,-5.05530546206189e-05
0.895,0.0017596951073462366,0.00164106,0.00011863510734623668
0.905,0.00570451133439396,0.00638132,-0.00067680866560604
0.915,0.018869674213143582,0.0203168,-0.0014471257868564173
0.925,0.05166187328258189,0.0506901,0.0009717732825818906
0.935,0.1164156502493229,0.118653,-0.0022373497506770895
0.9450000000000001,0.23149449986176412,0.232213,-0.000718500138235878
0.9550000000000001,0.4082281785868394,0.409244,-0.0010158214131605892
0.965,0.665978175893573,0.662424,0.003554175893572986
0.975,1.0005809268817505,0.990818,0.009762926881750511
0.985,1.3896795088739369,1.39686,-0.0071804911260631155
0.995,1.8365523833322683,1.85003,-0.013477616667731729
1.005,2.3151523500987854,2.32409,-0.008937649901214595
1.0150000000000001,2.796419184000305,2.81518,-0.018760815999694813
1.025,3.269590554696131,3.27413,-0.004539445303869183
1.0350000000000001,3.7140396173116095,3.71003,0.004009617311609315
1.045,4.08149611187636,4.06985,0.011646111876360443
1.0550000000000002,4.434077858165368,4.38827,0.04580785816536803
1.065,4.70731953270821,4.6603,0.04701953270820969
1.0750000000000002,4.895728910580786,4.86984,0.025888910580786018
1.085,5.037860179504469,4.98782,0.05004017950446915
1.0950000000000002,5.117525300336572,5.06993,0.04759530033657189
1.105,5.151429839321529,5.10278,0.04864983932152889
1.1150000000000002,5.138814658863597,5.0844,0.054414658863596976
1.125,5.108387700824793,5.06385,0.044537700824792914
1.1350000000000002,5.046136273919963,4.97713,0.06900627391996306
1.145,4.974090280770888,4.91131,0.06278028077088749
1.155,4.876774656420682,4.82258,0.05419465642068211
1.165,4.788902863665267,4.71575,0.07315286366526674
1.1749999999999998,4.673959189643989,4.61704,0.05691918964398912
1.185,4.553822581589546,4.4945,0.05932258158954529
1.1949999999999998,4.398151775419366,4.3697,0.0284517754193665
1.205,4.27242491964745,4.24589,0.026534919647449584
1.2149999999999999,4.142349510011304,4.1115,0.030849510011303316
1.225,4.013275038036525,3.99375,0.019525038036525277
1.2349999999999999,3.8817048575369375,3.88574,-0.004035142463062691
1.245,3.754966285048441,3.77514,-0.020173714951559063
1.255,3.6331810379685394,3.65883,-0.02564896203146061
1.2650000000000001,3.5406533797250295,3.54951,-0.008856620274970695
1.275,3.439721766375365,3.44886,-0.00913823362463484
1.2850000000000001,3.3260676631065276,3.34699,-0.020922336893472337
1.295,3.2410841403387405,3.24922,-0.008135859661259737
1.3050000000000002,3.1372035713902853,3.157,-0.019796428609714756
1.315,3.0638154604580685,3.0662,-0.0023845395419312965
1.3250000000000002,2.9811539452349836,2.97655,0.004603945234983531
1.335,2.9018735218036307,2.89848,0.003393521803630506
1.3450000000000002,2.8162515850715097,2.82256,-0.006308414928490436
1.355,2.740651405307502,2.74264,-0.0019885946924982356
1.3650000000000002,2.6794387835594833,2.68381,-0.004371216440516523
1.375,2.6136455120700424,2.62472,-0.011074487929957577
1.3850000000000002,2.5536935077138097,2.56732,-0.013626492286190395
1.395,2.4920402211843427,2.51596,-0.023919778815657544
1.405,2.445733141877383,2.44943,-0.0036968581226171082
1.415,2.3900757707342337,2.40369,-0.013614229265766387
1.4249999999999998,2.3431165620494094,2.35706,-0.01394343795059072
1.435,2.300879082614983,2.31538,-0.014500917385017242
1.4449999999999998,2.2642092267833602,2.26692,-0.002710773216639595
1.455,2.216020093472556,2.22226,-0.006239906527444106
1.4649999999999999,2.1814245397736274,2.19163,-0.010205460226372587
1.475,2.1382131646171807,2.1467,-0.008486835382819358
1.4849999999999999,2.0989947585991677,2.11183,-0.012835241400832142
1.495,2.0662218445154172,2.08174,-0.015518155484582685
1.505,2.0353029546522925,2.04996,-0.014657045347707509
1.5150000000000001,2.005093567226427,2.01907,-0.013976432773572967
1.525,1.9766498398233596,1.99081,-0.014160160176640346
1.5350000000000001,1.9504853802254916,1.96511,-0.014624619774508352
1.545,1.9207533131197938,1.93367,-0.012916686880206196
1.5550000000000002,1.8950969983501138,1.90684,-0.011743001649886287
1.565,1.8656405184306069,1.8815,-0.015859481569393097
1.5750000000000002,1.8414473243852296,1.85986,-0.018412675614770446
1.585,1.8236528981226965,1.83185,-0.008197101877303492
1.5950000000000002,1.804695564933056,1.81256,-0.007864435066943898
1.605,1.7847304001519164,1.79089,-0.0061595998480836744
1.6150000000000002,1.7673179758231004,1.7715,-0.0041820241768997235
1.625,1.7480114827691098,1.75376,-0.005748517230890204
1.6350000000000002,1.7352645108436007,1.73395,0.0013145108436005692
1.645,1.717090361301998,1.7231,-0.006009638698001973
1.6550000000000002,1.7015808278843556,1.70573,-0.004149172115644362
1.665,1.6834195238377496,1.69114,-0.007720476162250467
1.6749999999999998,1.6701615700102503,1.67082,-0.0006584299897496315
1.685,1.650644807903003,1.65711,-0.006465192096997141
1.6949999999999998,1.6388964806719744,1.63833,0.0005664806719742899
1.705,1.6204692671671164,1.62829,-0.007820732832883648
1.7149999999999999,1.6090685904549096,1.61413,-0.0050614095450904895
1.725,1.599893060764718,1.60378,-0.0038869392352820498
1.7349999999999999,1.5847525775111353,1.58918,-0.004427422488864741
1.745,1.5733821102514964,1.57122,0.002162110251496374
1.755,1.562501393103723,1.56061,0.0018913931037229936
1.7650000000000001,1.5466916990576394,1.5503,-0.0036083009423606427
1.775,1.541757412566595,1.54545,-0.003692587433405059
1.7850000000000001,1.5230251208927759,1.53097,-0.007944879107224079
1.795,1.5223190395412258,1.51793,0.004389039541225825
1.8050000000000002,1.510429682783788,1.51026,0.0001696827837880388
1.815,1.505317484038004,1.50266,0.00265748403800381
1.8250000000000002,1.496793053629159,1.49302,0.003773053629158918
1.835,1.489284067313018,1.48662,0.002664067313018048
1.8450000000000002,1.4763383811304904,1.47313,0.0032083811304903787
1.855,1.470214669130676,1.4658,0.004414669130676119
1.8650000000000002,1.4629850347740465,1.45701,0.005975034774046595
1.875,1.4564900692346325,1.45211,0.004380069234632522
1.8850000000000002,1.4491654363317175,1.44447,0.00469543633171754
1.895,1.4408840568307064,1.4359,0.0049840568307064625
1.9050000000000002,1.4369753644841385,1.43095,0.006025364484138596
1.915,1.4270923516830891,1.42403,0.003062351683089215
1.9249999999999998,1.4212900695832693,1.42262,-0.0013299304167306847
1.935,1.4145096596678695,1.41447,3.9659667869562654e-05
1.9449999999999998,1.4083604731838923,1.40432,0.004040473183892335
1.955,1.4072519503015137,1.40004,0.007211950301513781
1.9649999999999999,1.399804963636794,1.39231,0.0074949636367940276
1.975,1.3907309201302054,1.38652,0.004210920130205409
1.9849999999999999,1.386384654672944,1.38238,0.004004654672943975
1.995,1.375817809339501,1.37932,-0.0035021906604990605
2.005,1.3744674816043727,1.37349,0.0009774816043726098
2.015,1.3687775068278414,1.36835,0.00042750682784142846
2.0250000000000004,1.362759899164903,1.36354,-0.0007801008350969418
2.035,1.3564117336339818,1.36127,-0.00485826636601816
2.045,1.3512053815810605,1.35687,-0.005664618418939504
2.0549999999999997,1.3483292322009661,1.34908,-0.0007507677990339356
2.065,1.3413597437530538,1.3435,-0.0021402562469461373
2.075,1.342944081653045,1.34113,0.0018140816530449744
2.085,1.3429991374026746,1.33478,0.008219137402674548
2.0949999999999998,1.3335881456459566,1.33542,-0.0018318543540434273
2.105,1.3317867092327866,1.32763,0.0041567092327865485
2.115,1.3229510255873866,1.32448,-0.0015289744126134597
2.125,1.3193833517291724,1.31824,0.0011433517291723483
2.135,1.3157287654583658,1.31922,-0.003491234541634247
2.145,1.3128662105340574,1.31257,0.00029621053405737285
2.1550000000000002,1.306311677128523,1.30589,0.00042167712852303474
2.165,1.3060915819016443,1.30222,0.003871581901644383
2.175,1.2996450069914334,1.30304,-0.0033949930085666047
2.185,1.2966766987217795,1.29965,-0.002973301278220486
2.1950000000000003,1.293442145653472,1.29297,0.0004721456534719781
2.205,1.2888511758971863,1.28995,-0.0010988241028135892
2.215,1.2863949341865135,1.28643,-3.506581348644566e-05
2.225,1.2806195417897916,1.28444,-0.0038204582102083773
2.2350000000000003,1.2824513290762314,1.27882,0.0036313290762313155
2.245,1.2747111883048938,1.27599,-0.0012788116951061301
2.255,1.2739393392505336,1.27528,-0.0013406607494663714
2.265,1.2714211033506129,1.27361,-0.00218889664938704
2.2750000000000004,1.2671321452164097,1.26811,-0.0009778547835903595
2.285,1.2647955887761362,1.26758,-0.0027844112238637475
2.295,1.2608277778077435,1.26237,-0.001542222192256526
2.305,1.2557900323872782,1.25633,-0.0005399676127217923
2.315,1.2549131982839026,1.25536,-0.0004468017160974558
2.325,1.2507132225191735,1.25096,-0.0002467774808265766
2.335,1.2490197488978096,1.24628,0.0027397488978095907
2.3449999999999998,1.2467825484461144,1.24459,0.002192548446114273
2.355,1.2422193803461545,1.24356,-0.0013406196538454651
2.365,1.2395291988895747,1.23852,0.0010091988895746251
2.375,1.2376179526215914,1.23622,0.0013979526215912585
2.385,1.2383179495798098,1.23305,0.005267949579809805
2.395,1.2331081583366532,1.23064,0.002468158336653259
2.4050000000000002,1.2325011422429755,1.22981,0.0026911422429753973
2.415,1.2271041716306876,1.22728,-0.00017582836931229195
2.425,1.2235101100799821,1.2242,-0.0006898899200178388
2.435,1.222225428557528,1.22096,0.0012654285575279811
2.4450000000000003,1.2210625281138083,1.21998,0.0010825281138082676
2.455,1.2176614183519119,1.21838,-0.0007185816480881346
2.465,1.2168869436576089,1.21756,-0.0006730563423911207
2.475,1.2123439643903957,1.21339,-0.0010460356096042567
2.4850000000000003,1.2088501925223545,1.2113,-0.0024498074776455603
2.495,1.2059699919808426,1.20992,-0.003950008019157458
2.505,1.2041080067449976,1.20864,-0.004531993255002309
2.515,1.2025316559261847,1.20618,-0.0036483440738153128
2.5250000000000004,1.2037221990855274,1.20278,0.0009421990855273954
2.535,1.2011030246986414,1.20107,3.3024698641304084e-05
2.545,1.197389852519056,1.19815,-0.0007601474809439956
2.555,1.1949752621308303,1.19626,-0.0012847378691698275
2.565,1.193399579596294,1.19231,0.0010895795962939658
2.575,1.1916199999406167,1.1908,0.0008199999406166558
2.585,1.1910255574280113,1.18853,0.002495557428011219
2.5949999999999998,1.188989012668138,1.18754,0.0014490126681379056
2.605,1.1879229796556536,1.18855,-0.0006270203443463629
2.615,1.185150022728326,1.18506,9.002272832603353e-05
2.625,1.181606728345858,1.18229,-0.0006832716541420591
2.635,1.1825846488447591,1.18235,0.00023464884475909997
2.645,1.180359365002955,1.18086,-0.0005006349970451129
2.6550000000000002,1.1788754416951073,1.17709,0.0017854416951073038
2.665,1.1753445286348312,1.17811,-0.0027654713651688034
2.675,1.1731436686500667,1.17511,-0.0019663313499334034
2.685,1.1705354047408487,1.17205,-0.001514595259151319
2.6950000000000003,1.1682987309242858,1.16907,-0.0007712690757142315
2.705,1.168950554587019,1.16532,0.003630554587018997
2.715,1.1686318194086711,1.16456,0.0040718194086710735
2.725,1.1639426791455736,1.16377,0.00017267914557361763
2.7350000000000003,1.1637434339912718,1.16428,-0.0005365660087282009
2.745,1.1604516170664196,1.16171,-0.001258382933580382
2.755,1.159021461011577,1.16176,-0.0027385389884229117
2.765,1.1602664014371888,1.15986,0.0004064014371889524
2.7750000000000004,1.155739522936841,1.15668,-0.0009404770631589177
2.785,1.1545300773851386,1.15754,-0.0030099226148614378
2.795,1.1562419313581425,1.15438,0.001861931358142499
2.805,1.1521249320545863,1.15298,-0.0008550679454135679
2.815,1.1551624001960417,1.15241,0.0027524001960417266
2.825,1.1518410288716932,1.14953,0.0023110288716932104
2.835,1.1519142602699495,1.1491,0.0028142602699494645
2.8449999999999998,1.1474144531762238,1.14865,-0.0012355468237761347
2.855,1.1469772712315267,1.14747,-0.0004927287684732828
2.865,1.1443976869965102,1.14408,0.0003176869965102469
2.875,1.1445173626456344,1.14448,3.7362645634475555e-05
2.885,1.142706929808954,1.14421,-0.0015030701910458966
2.895,1.142574128890065,1.14155,0.0010241288900649792
2.9050000000000002,1.1393053668256363,1.14114,-0.00183463317436372
2.915,1.1397487208615673,1.13765,0.0020987208615672603
2.925,1.1379490947905144,1.13783,0.00011909479051452898
2.935,1.1381634889565502,1.13641,0.0017534889565502532
2.9450000000000003,1.137399157679963,1.13478,0.0026191576799630134
2.955,1.1356877146989817,1.13315,0.0025377146989815635
2.965,1.1356669099457795,1.13526,0.0004069099457795211
2.975,1.1334903607323217,1.13357,-7.963926767828866e-05
2.9850000000000003,1.1344440554500967,1.13351,0.0009340554500967269
2.995,1.1319723671398623,1.13243,-0.00045763286013777993
3.005,1.1309606410403799,1.12901,0.0019506410403797858
3.015,1.1313652249786168,1.12919,0.0021752249786168854
3.0250000000000004,1.1291262413428946,1.12584,0.00328624134289468
3.035,1.1273159883325106,1.12376,0.0035559883325104735
3.045,1.1268169709293872,1.12302,0.0037969709293872445
3.055,1.1258022571859014,1.12291,0.002892257185901359
3.0650000000000004,1.1250321915805257,1.12106,0.003972191580525752
3.075,1.124561534128607,1.1201,0.004461534128606948
3.085,1.1227403590495495,1.11811,0.0046303590495495595
3.0949999999999998,1.1222642391926076,1.11707,0.0051942391926076414
3.105,1.1200222329241987,1.11649,0.003532232924198686
3.115,1.1201321700544233,1.116,0.004132170054423234
3.125,1.1189900607624097,1.11524,0.0037500607624096904
3.135,1.118095930334501,1.11451,0.003585930334501164
3.145,1.1200639521543825,1.11365,0.006413952154382452
3.1550000000000002,1.1166742833220245,1.11303,0.0036442833220244886
3.165,1.1175992008758289,1.11273,0.004869200875828872
3.175,1.1155908219183808,1.11153,0.004060821918380864
3.185,1.112793246217419,1.11445,-0.0016567537825808998
3.1950000000000003,1.112464830947278,1.11344,-0.0009751690527219914
3.205,1.1107103633663364,1.11182,-0.001109636633663591
3.215,1.1103589593009264,1.10989,0.00046895930092638594
3.225,1.1100803926998002,1.10799,0.0020903926998001587
3.2350000000000003,1.1075903953465933,1.1071,0.0004903953465933419
3.245,1.10718181738079,1.10701,0.00017181738078986264
3.255,1.1051526305706056,1.10469,0.00046263057060569324
3.265,1.1043918245606457,1.10573,-0.0013381754393544387
3.2750000000000004,1.1010761740128825,1.10423,-0.0031538259871175534
3.285,1.1024108498319567,1.1056,-0.00318915016804322
3.295,1.1020767009423302,1.10414,-0.0020632990576696653
3.305,1.1014958620608162,1.10311,-0.0016141379391838573
3.3150000000000004,1.1008111668968628,1.10237,-0.0015588331031373137
3.325,1.1010881978763063,1.09982,0.0012681978763062762
3.335,1.099720907209925,1.09973,-9.092790075104773e-06
3.3449999999999998,1.0987189947791514,1.09935,-0.0006310052208486905
3.355,1.0992178381204682,1.09764,0.0015778381204683
3.365,1.0988241540921384,1.09716,0.0016641540921384923
3.375,1.0975412461536274,1.09659,0.0009512461536274053
3.385,1.0981514068991418,1.09487,0.0032814068991418033
3.395,1.096629537473051,1.09383,0.0027995374730509504
3.4050000000000002,1.096404314589487,1.09374,0.0026643145894871267
3.415,1.0957303799290778,1.09199,0.0037403799290778306
3.425,1.0947587082712604,1.09251,0.0022487082712603357
3.435,1.0938300978086946,1.09118,0.002650097808694518
3.4450000000000003,1.0934729788467312,1.09071,0.0027629788467311567
3.455,1.0920282900928147,1.08855,0.003478290092814751
3.465,1.0926735377832595,1.08951,0.003163537783259507
3.475,1.0920781222392606,1.08759,0.004488122239260539
3.4850000000000003,1.0896347919153455,1.08773,0.0019047919153454274
3.495,1.0901084637649556,1.08749,0.0026184637649555587
3.505,1.0894921820636754,1.08515,0.004342182063675315
3.515,1.0895055560399736,1.08579,0.0037155560399735332
3.5250000000000004,1.0904317121797338,1.08567,0.004761712179733868
3.535,1.087287545448476,1.08487,0.002417545448476055
3.545,1.0868200016340979,1.0845,0.0023200016340978458
3.555,1.0857471168737947,1.08364,0.0021071168737947232
3.5650000000000004,1.0845557485323827,1.0832,0.001355748532382739
3.575,1.0834127479354612,1.08393,-0.0005172520645388978
3.585,1.0853562348304093,1.0828,0.002556234830409343
3.5949999999999998,1.0857944833020512,1.08127,0.004524483302051241
3.605,1.08444470643842,1.08129,0.003154706438419863
3.615,1.0822769852805596,1.08197,0.0003069852805595019
3.625,1.080933813685745,1.07974,0.0011938136857450043
3.635,1.0804490449407802,1.07897,0.0014790449407802164
3.645,1.0809278362579133,1.07825,0.002677836257913402
3.6550000000000002,1.079594433280132,1.07872,0.0008744332801320365
3.665,1.0794273649747863,1.07767,0.0017573649747864017
3.675,1.0787184150084612,1.07744,0.0012784150084612644
3.685,1.0760948797697654,1.0746,0.001494879769765367
3.6950000000000003,1.075038344019947,1.07524,-0.0002016559800530615
3.705,1.0732160291431048,1.07414,-0.0009239708568953287
3.715,1.074507077658386,1.07566,-0.0011529223416140155
3.725,1.0748682323179477,1.07366,0.001208232317947644
3.7350000000000003,1.07342710663978,1.07359,-0.00016289336022001777
3.745,1.0734077639479942,1.07303,0.0003777639479942696
3.755,1.0725000713738233,1.07355,-0.0010499286261766994
3.765,1.0729728688800213,1.07291,6.286888002127178e-05
3.7750000000000004,1.0724181423801267,1.07309,-0.0006718576198734283
3.785,1.0728658407319533,1.0722,0.0006658407319533044
3.795,1.073280737487678,1.07096,0.0023207374876781373
3.805,1.0721952802988313,1.071,0.0011952802988313138
3.8150000000000004,1.0719623096279556,1.07037,0.0015923096279555349
3.825,1.0712375600074135,1.07069,0.0005475600074136278
3.835,1.070967763713225,1.06891,0.0020577637132250803
3.8449999999999998,1.0693021782894354,1.0684,0.0009021782894353958
3.855,1.0692332455341504,1.06738,0.0018532455341504495
3.865,1.0685538012694407,1.06691,0.0016438012694406368
3.875,1.0673935319630787,1.06742,-2.6468036921301064e-05
3.885,1.0681135478128525,1.06613,0.001983547812852482
3.895,1.067262874405738,1.06785,-0.0005871255942619946
3.9050000000000002,1.0674813445358093,1.06565,0.0018313445358093539
3.915,1.0675534608819848,1.06638,0.001173460881984667
3.925,1.068193380872474,1.06483,0.003363380872474009
3.935,1.067459796134814,1.06426,0.003199796134814026
3.9450000000000003,1.0640287043549685,1.0635,0.0005287043549686565
3.955,1.063307881883105,1.06249,0.0008178818831050538
3.965,1.0652907508494969,1.06399,0.001300750849496879
3.975,1.0639008717773888,1.06331,0.0005908717773888128
3.9850000000000003,1.0631228761899123,1.06255,0.000572876189912197
3.995,1.062707985944043,1.06259,0.00011798594404299756
4.005,1.0634012204974437,1.06223,0.0011712204974436702
4.015000000000001,1.0628722999460845,1.06138,0.0014922999460844633
4.025,1.0624269079340662,1.06122,0.0012069079340661926
4.035,1.0614412498592258,1.06207,-0.0006287501407742369
4.045,1.060698687874914,1.06023,0.0004686878749140533
4.055,1.0598744384994163,1.05977,0.00010443849941621508
4.065,1.0605670164383438,1.05937,0.001197016438343912
4.075,1.0599433921211812,1.05908,0.0008633921211811391
4.085,1.0593031900995553,1.05858,0.0007231900995552376
4.095,1.0573451901938378,1.05912,-0.001774809806162292
4.105,1.0571216393006082,1.05948,-0.0023583606993917705
4.115,1.0578782694761528,1.0586,-0.0007217305238471639
4.125,1.0582442279681241,1.05659,0.0016542279681242
4.135,1.0580482288170228,1.05603,0.002018228817022738
4.145,1.0565466352020887,1.05601,0.0005366352020887977
4.155,1.055853611747898,1.0571,-0.001246388252101882
4.165,1.0557389143150047,1.05665,-0.0009110856849954274
4.175,1.0555014386274397,1.05636,-0.0008585613725602403
4.1850000000000005,1.0553070750855744,1.05443,0.0008770750855744414
4.195,1.055245664100994,1.05375,0.0014956641009939986
4.205,1.0549140408775506,1.05285,0.0020640408775505215
4.215,1.054137311308843,1.05404,9.731130884294004e-05
4.225,1.053763353563694,1.05457,-0.0008066464363059023
4.235,1.0542156619516796,1.05357,0.0006456619516796991
4.245,1.053994156737348,1.05308,0.0009141567373480708
4.255,1.053540017011965,1.05293,0.0006100170119651693
4.265000000000001,1.053179542094884,1.05341,-0.0002304579051159994
4.275,1.0529586642896083,1.05266,0.00029866428960834135
4.285,1.053734997558017,1.05262,0.001114997558017139
4.295,1.0522763162622222,1.05246,-0.00018368373777777336
4.305,1.0502797081232624,1.05202,-0.0017402918767375208
4.315,1.0515069081071469,1.05098,0.0005269081071468396
4.325,1.051111293457456,1.05029,0.0008212934574560737
4.335,1.0502652477642154,1.05107,-0.0008047522357845782
4.345000000000001,1.0499431050003056,1.05065,-0.0007068949996944518
4.355,1.0498738009907025,1.04985,2.380099070253827e-05
4.365,1.050020208971342,1.04954,0.0004802089713420443
4.375,1.0487228214729472,1.05001,-0.0012871785270529568
4.385,1.0473748535897127,1.05042,-0.0030451464102871917
4.395,1.0475832903743396,1.04875,-0.0011667096256604559
4.405,1.0482977474791115,1.04785,0.0004477474791115821
4.415,1.046561885904247,1.04854,-0.001978114095753103
4.425,1.0471884016508137,1.04752,-0.0003315983491862795
4.4350000000000005,1.0476428228642602,1.04738,0.00026282286426027035
4.445,1.0484532963576794,1.04872,-0.0002667036423207314
4.455,1.047293240036168,1.0479,-0.000606759963831971
4.465,1.0462025589536916,1.04863,-0.0024274410463083207
4.475,1.0463706363029972,1.04841,-0.0020393636970028606
4.485,1.0472996073181626,1.04791,-0.0006103926818372685
4.495,1.0461695760315526,1.04806,-0.0018904239684474078
4.505,1.044993593979346,1.04843,-0.0034364060206539815
4.515000000000001,1.0449462467799746,1.0468,-0.0018537532200253448
4.525,1.0451977372114534,1.04546,-0.0002622627885466855
4.535,1.045819586392002,1.04515,0.0006695863920018752
4.545,1.046510953842058,1.04576,0.0007509538420580331
4.555,1.0462682527321983,1.04639,-0.00012174726780167511
4.565,1.0450227861202608,1.04486,0.00016278612026088268
4.575,1.0432485193187582,1.0447,-0.0014514806812417902
4.585,1.043606212313135,1.04483,-0.001223787686864819
4.595000000000001,1.043275060909583,1.04589,-0.002614939090416879
4.605,1.0431934863292038,1.0441,-0.000906513670796194
4.615,1.0421937387024216,1.04492,-0.0027262612975784695
4.625,1.0414816357390393,1.04339,-0.0019083642609607487
4.635,1.0410033547186421,1.04373,-0.002726645281357909
4.645,1.0416503398838235,1.04298,-0.0013296601161765231
4.655,1.040614978470585,1.04297,-0.0023550215294150245
4.665,1.0407837365621988,1.04211,-0.0013262634378012894
4.675,1.0401204892638742,1.04172,-0.0015995107361257421
4.6850000000000005,1.0407558494994704,1.04081,-5.4150500529592804e-05
4.695,1.0381449123934203,1.04159,-0.0034450876065796887
4.705,1.0392663645370648,1.04106,-0.0017936354629353168
4.715,1.0382192541704867,1.0407,-0.002480745829513298
4.725,1.0376384772375595,1.04031,-0.002671522762440537
4.735,1.0374238528534905,1.04092,-0.0034961471465095872
4.745,1.0376878937332308,1.04006,-0.0023721062667692028
4.755,1.0382333404760093,1.04028,-0.002046659523990746
4.765000000000001,1.037809436501039,1.04027,-0.002460563498960955
4.775,1.0374799989361398,1.03897,-0.0014900010638601024
4.785,1.0373427723834894,1.03867,-0.0013272276165106067
4.795,1.0371150034605556,1.037,0.0001150034605557071
4.805,1.0379571303279682,1.03696,0.0009971303279681099
4.815,1.036478431109124,1.03797,-0.0014915688908760938
4.825,1.0374892329884988,1.03855,-0.0010607670115012624
4.835,1.0374557341397443,1.03815,-0.0006942658602555607
4.845000000000001,1.0355582488947466,1.0369,-0.0013417511052533637
4.855,1.0357035041121185,1.0382,-0.002496495887881478
4.865,1.0367451974514057,1.0377,-0.000954802548594369
4.875,1.0355754455051769,1.03669,-0.0011145544948230057
4.885,1.0365941126110985,1.0359,0.0006941126110984186
4.895,1.0346957428100443,1.03753,-0.00283425718995578
4.905,1.0350937674386915,1.03676,-0.0016662325613083784
4.915,1.0347453698786488,1.03557,-0.0008246301213512552
4.925,1.03433870106038,1.03615,-0.0018112989396199541
4.9350000000000005,1.0339756012441867,1.03679,-0.002814398755813352
4.945,1.0334120219386127,1.03633,-0.002917978061387272
4.955,1.0336902588647885,1.03621,-0.002519741135211584
4.965,1.033090203473356,1.03599,-0.0028997965266439607
4.975,1.0338115266334351,1.03575,-0.0019384733665648302
4.985,1.033478304287225,1.03391,-0.0004316957127750154
4.995,1.0317743548185634,1.03425,-0.0024756451814365033
5.005,1.0332676788699138,1.0337,-0.00043232113008628836
5.015000000000001,1.0322311008518328,1.03347,-0.0012388991481673273
5.025,1.0321379334493275,1.03369,-0.0015520665506725262
5.035,1.0320364249214848,1.03336,-0.0013235750785152156
5.045,1.0319462779214645,1.0326,-0.0006537220785354236
5.055,1.0325748682870755,1.03312,-0.0005451317129245847
5.065,1.033117605768805,1.0331,1.760576880505127e-05
5.075,1.0325682341743396,1.03194,0.0006282341743395481
5.085,1.032343496353956,1.03071,0.0016334963539559322
5.095000000000001,1.0324868694610856,1.03097,0.001516869461085646
5.105,1.0318639736840878,1.03134,0.0005239736840878528
5.115,1.031776813177911,1.03315,-0.0013731868220889787
5.125,1.0327989111837979,1.03288,-8.108881620216835e-05
5.135,1.0327105559545655,1.03281,-9.944404543449359e-05
5.145,1.0323278943766614,1.03235,-2.210562333870847e-05
5.155,1.0318084145765531,1.03162,0.00018841457655316418
5.165,1.0314190908853593,1.03245,-0.0010309091146407656
5.175,1.0308996923192884,1.0325,-0.0016003076807116212
5.1850000000000005,1.0315050742676701,1.03211,-0.0006049257323299528
5.195,1.0313411238472898,1.03014,0.0012011238472897645
5.205,1.0298873351432798,1.02944,0.0004473351432798811
5.215,1.0294422501941123,1.03033,-0.0008877498058876832
5.225,1.0299841765630795,1.03056,-0.0005758234369204196
5.235,1.029750159819034,1.03003,-0.0002798401809660511
5.245,1.0287527981945421,1.0294,-0.0006472018054579642
5.255,1.0285395719897854,1.02995,-0.001410428010214515
5.265000000000001,1.0283288263556865,1.02942,-0.0010911736443135478
5.275,1.0279819413128843,1.03021,-0.0022280586871157304
5.285,1.0298442940377683,1.02891,0.0009342940377683462
5.295,1.0282021299645112,1.02891,-0.0007078700354887779
5.305,1.0269271568802447,1.02872,-0.0017928431197553607
5.315,1.0272013221710699,1.02859,-0.0013886778289300405
5.325,1.0283880663009137,1.02874,-0.0003519336990862598
5.335,1.028392932476805,1.02838,1.2932476805005422e-05
5.345000000000001,1.0280870434582492,1.02801,7.704345824910419e-05
5.355,1.0274465386477438,1.02816,-0.0007134613522561395
5.365,1.0271715019170635,1.02921,-0.002038498082936435
5.375,1.0272507440892813,1.02989,-0.002639255910718674
5.385,1.0274888951445076,1.02857,-0.0010811048554923985
5.395,1.0282547508348487,1.02761,0.0006447508348488284
5.405,1.0275281555795768,1.02769,-0.00016184442042321834
5.415,1.0267375237653311,1.02599,0.0007475237653311595
5.425,1.0253680359596835,1.02592,-0.0005519640403164328
5.4350000000000005,1.0253828283041964,1.0263,-0.0009171716958036313
5.445,1.0268623101611216,1.02514,0.0017223101611216762
5.455,1.0260120064605058,1.02553,0.00048200646050577944
5.465,1.0252970649606155,1.02587,-0.0005729350393846033
5.475,1.02566548289955,1.02572,-5.4517100450013345e-05
5.485,1.0257698693633783,1.02522,0.000549869363378308
5.495,1.026126602974662,1.02576,0.00036660297466206693
5.505,1.025771057841917,1.02537,0.00040105784191712956
5.515000000000001,1.0258172453361631,1.02528,0.0005372453361631724
5.525,1.0250272719442806,1.02577,-0.0007427280557195104
5.535,1.0249517875961531,1.02562,-0.0006682124038468462
5.545,1.0241142649020545,1.02518,-0.0010657350979454971
5.555,1.0238109320235622,1.02566,-0.0018490679764378015
5.565,1.0233811929048346,1.02457,-0.001188807095165334
5.575,1.0242407381350473,1.02414,0.00010073813504729578
5.585,1.0250631989204746,1.02203,0.0030331989204746
5.595000000000001,1.0246551942766624,1.02349,0.0011651942766623957
5.605,1.0241866057910853,1.02266,0.0015266057910854336
5.615,1.0235407914748313,1.02426,-0.000719208525168602
5.625,1.0237430360824442,1.02359,0.0001530360824442134
5.635,1.0231740148999686,1.02344,-0.00026598510003128517
5.645,1.0237603946812937,1.02256,0.0012003946812937372
5.655,1.0241277272268257,1.02347,0.0006577272268255552
5.665,1.0237939371125326,1.0236,0.00019393711253257173
5.675,1.0233427836374664,1.02263,0.0007127836374665186
5.6850000000000005,1.0227463528276945,1.02227,0.00047635282769453724
5.695,1.0225745945021383,1.02267,-9.540549786168917e-05
5.705,1.0213909456539898,1.02348,-0.002089054346010144
5.715,1.0222702002075479,1.02147,0.0008002002075477854
5.725,1.0220884919753912,1.0217,0.00038849197539114755
5.735,1.0215365867630783,1.02103,0.0005065867630782428
5.745,1.0218235282957846,1.02121,0.0006135282957846488
5.755,1.021569835642689,1.02126,0.00030983564268893815
5.765000000000001,1.0223081975983876,1.02116,0.0011481975983875792
5.775,1.0213437618691912,1.02189,-0.0005462381308087849
5.785,1.0219451557728008,1.02147,0.0004751557728006617
5.795,1.0210219517991896,1.02276,-0.0017380482008102494
5.805,1.0218086461341431,1.02198,-0.00017135386585698242
5.815,1.021155335235182,1.02039,0.0007653352351821852
5.825,1.020320776076555,1.0209,-0.0005792239234450047
5.835,1.0192907937785538,1.02019,-0.0008992062214461249
5.845000000000001,1.019633627442136,1.02101,-0.0013763725578639363
5.855,1.0198034704646064,1.02095,-0.0011465295353936256
5.865,1.0205673166713334,1.02126,-0.0006926833286666767
5.875,1.0207187186786162,1.02076,-4.128132138370155e-05
5.885,1.020127168181127,1.02039,-0.0002628318188728773
5.895,1.019999306219045,1.02027,-0.0002706937809549004
5.905,1.0203726771454449,1.01983,0.0005426771454448698
5.915,1.0192601569495203,1.01999,-0.0007298430504796283
5.925,1.0204720749711034,1.0201,0.0003720749711033644
5.9350000000000005,1.0211028348847329,1.01835,0.002752834884732769
5.945,1.0206987296160999,1.01826,0.0024387296160999217
5.955,1.0207920109498285,1.01794,0.002852010949828454
5.965,1.0193935648898662,1.01855,0.0008435648898661441
5.975,1.018863613390547,1.01881,5.361339054710257e-05
5.985,1.0201494086710772,1.01909,0.0010594086710771222
5.995,1.020057069551275,1.01976,0.00029706955127495327
6.005,1.0192303792967239,1.0188,0.00043037929672395947
6.015000000000001,1.0188651511384534,1.01807,0.0007951511384534093
6.025,1.0180144021345388,1.01849,-0.00047559786546114147
6.035,1.0189157186548952,1.01789,0.0010257186548952024
6.045,1.0187265142934023,1.01812,0.0006065142934024159
6.055,1.0193885486916556,1.01884,0.0005485486916556592
6.065,1.0181063790324325,1.01696,0.0011463790324324208
6.075,1.0181609070133664,1.01846,-0.00029909298663355344
6.085,1.0184056949982967,1.01872,-0.0003143050017033744
6.095000000000001,1.0186570390284377,1.01818,0.00047703902843765356
6.105,1.0183023212382378,1.0183,2.321238237845691e-06
6.115,1.0163930087808053,1.01911,-0.0027169912191946644
6.125,1.0172954022267975,1.01836,-0.001064597773202447
6.135,1.0163520678080633,1.01755,-0.001197932191936646
6.1450000000000005,1.018057519493939,1.0176,0.0004575194939389071
6.155,1.0169425822659428,1.01822,-0.0012774177340570958
6.165,1.0173588340269686,1.01764,-0.00028116597303151636
6.175,1.0173732969489757,1.01762,-0.00024670305102425516
6.1850000000000005,1.0169294125322126,1.01683,9.941253221268376e-05
6.195,1.0171588564427048,1.01752,-0.0003611435572952182
6.205,1.016523663946123,1.0188,-0.002276336053876893
6.215,1.016874436872174,1.01764,-0.0007655631278260522
6.225,1.01709836675584,1.01743,-0.0003316332441600789
6.235,1.0170569283479938,1.01718,-0.0001230716520062014
6.245,1.0159727506133245,1.01672,-0.0007472493866755858
6.255,1.0163093370146357,1.01724,-0.0009306629853642612
6.265000000000001,1.0160424112013582,1.01762,-0.0015775887986417825
6.275,1.015983996684495,1.01757,-0.001586003315505069
6.285,1.0156287191365536,1.01694,-0.0013112808634463402
6.295,1.0159981770261848,1.01781,-0.0018118229738153246
6.305,1.0169603843962074,1.01762,-0.0006596156037925738
6.315,1.0167594818107502,1.01613,0.0006294818107501765
6.325,1.0162273618808675,1.01749,-0.0012626381191325198
6.335,1.0167604501539365,1.01737,-0.0006095498460636506
6.345000000000001,1.01509035178136,1.01692,-0.0018296482186399565
6.355,1.0161087063121743,1.01751,-0.0014012936878256
6.365,1.016294893491866,1.01708,-0.0007851065081339037
6.375,1.015679132422921,1.01684,-0.0011608675770788945
6.385,1.0150575783206661,1.01562,-0.0005624216793338466
6.3950000000000005,1.0158858587677766,1.01629,-0.00040414123222332066
6.405,1.0146642511729564,1.01642,-0.0017557488270436572
6.415,1.014934924510557,1.01606,-0.0011250754894429615
6.425,1.0157535851870965,1.0162,-0.00044641481290352836
6.4350000000000005,1.0150430761613756,1.01627,-0.0012269238386244385
6.445,1.014283468572621,1.01575,-0.0014665314273789587
6.455,1.0147024028840343,1.01503,-0.0003275971159657498
6.465,1.0154884676390812,1.01557,-8.153236091890115e-05
6.475,1.0160419600241073,1.01455,0.0014919600241072306
6.485,1.0161961147681122,1.01385,0.0023461147681123062
6.495,1.0154494567501733,1.01328,0.0021694567501733264
6.505,1.0154721150388368,1.01429,0.0011821150388369173
6.515000000000001,1.0145495426659015,1.01438,0.0001695426659014121
6.525,1.0149727986402513,1.01481,0.00016279864025126045
6.535,1.0140087548794792,1.01417,-0.0001612451205208476
6.545,1.014016757054474,1.01446,-0.00044324294552589016
6.555,1.013801596514439,1.01484,-0.0010384034855610569
6.565,1.0144960334691517,1.01588,-0.0013839665308481575
6.575,1.0139330085600384,1.01527,-0.0013369914399614657
6.585,1.0144206325849021,1.01463,-0.00020936741509780532
6.595000000000001,1.0158850912632564,1.01425,0.0016350912632563386
6.605,1.0145658746324127,1.01444,0.00012587463241264807
6.615,1.0140478856760429,1.01441,-0.00036211432395716336
6.625,1.0145551960624664,1.01439,0.00016519606246645502
6.635,1.0144601558301733,1.01378,0.0006801558301734456
6.6450000000000005,1.0146367380342765,1.01342,0.0012167380342764655
6.655,1.013237083855392,1.01413,-0.0008929161446080691
6.665,1.0132089091813328,1.01468,-0.0014710908186672533
6.675,1.013098508455659,1.01379,-0.0006914915443410052
6.6850000000000005,1.0121781479758245,1.015,-0.0028218520241753975
6.695,1.0134736937330542,1.01459,-0.0011163062669459212
6.705,1.0131717083766767,1.01366,-0.0004882916233233114
6.715,1.0133610465877065,1.0138,-0.0004389534122934968
6.725,1.013035416314017,1.01372,-0.000684583685983009
6.735,1.0129912910152232,1.01364,-0.000648708984776869
6.745,1.0141389539666619,1.01412,1.895396666196092e-05
6.755,1.0130319433287498,1.01436,-0.001328056671250133
6.765000000000001,1.012903474301443,1.0139,-0.000996525698557127
6.775,1.0132840902923796,1.014,-0.0007159097076203658
6.785,1.0125631833164292,1.01335,-0.0007868166835707235
6.795,1.01245664751359,1.01246,-3.3524864098133378e-06
6.805,1.0120450515079646,1.01294,-0.0008949484920353079
6.815,1.012810549292337,1.01342,-0.0006094507076630507
6.825,1.0120245899126983,1.013,-0.0009754100873016203
6.835,1.012431212053182,1.01374,-0.0013087879468181018
6.845000000000001,1.0120927204940395,1.01358,-0.0014872795059603927
6.855,1.012813067874817,1.01313,-0.0003169321251830226
6.865,1.0107055505008289,1.01236,-0.0016544494991710401
6.875,1.01003278435237,1.01342,-0.003387215647630004
6.885,1.0098898929299962,1.01284,-0.00295010707000376
6.8950000000000005,1.0098650110241087,1.01286,-0.002994988975891344
6.905,1.0107349100000291,1.01207,-0.0013350899999708954
6.915,1.0099005501228715,1.01207,-0.0021694498771285264
6.925,1.0094028322886044,1.01187,-0.002467167711395657
6.9350000000000005,1.009635016464596,1.0116,-0.0019649835354040857
6.945,1.0094220015389355,1.01109,-0.0016679984610645793
6.955,1.0098906691722658,1.01208,-0.002189330827734315
6.965,1.0103782774457972,1.01129,-0.0009117225542027985
6.975,1.010260752955981,1.01167,-0.001409247044019013
6.985,1.0095869443444019,1.0114,-0.0018130556555981947
6.995,1.0088400275432796,1.01151,-0.002669972456720293
7.005,1.0099473610047955,1.0116,-0.001652638995204514
7.015000000000001,1.0103093587749892,1.0122,-0.001890641225010814
7.025,1.0093590339218768,1.01123,-0.001870966078123315
7.035,1.0092180626091676,1.01201,-0.0027919373908324996
7.045,1.0086918530280902,1.01193,-0.0032381469719098277
7.055,1.0090663560553619,1.01089,-0.001823643944638187
7.065,1.0088070740511517,1.00991,-0.001102925948848421
7.075,1.0098046801982543,1.01039,-0.0005853198017455874
7.085,1.0092855875245534,1.01135,-0.002064412475446531
7.095000000000001,1.009725642597823,1.0114,-0.0016743574021771401
7.105,1.009398404013708,1.01202,-0.002621595986291858
7.115,1.0096421716643045,1.01184,-0.002197828335695595
7.125,1.0097214847257785,1.01115,-0.001428515274221498
7.135,1.0090862848844024,1.01082,-0.0017337151155976116
7.1450000000000005,1.0084545608340945,1.0113,-0.0028454391659056277
7.155,1.0094029967834357,1.01097,-0.0015670032165642223
7.165,1.0090953803052434,1.01126,-0.0021646196947566754
7.175,1.0098600167980465,1.01071,-0.0008499832019535081
7.1850000000000005,1.009038964236114,1.01115,-0.002111035763886049
7.195,1.0095206524726652,1.01116,-0.0016393475273348557
7.205,1.0087604657947704,1.01053,-0.001769534205229517
7.215,1.0088400275671368,1.01012,-0.0012799724328631523
7.225,1.0086458608965578,1.0106,-0.0019541391034421096
7.235,1.0084039812783283,1.01044,-0.002036018721671695
7.245,1.0085145805026379,1.01017,-0.0016554194973621428
7.255,1.0087355322743403,1.01052,-0.0017844677256597663
7.265000000000001,1.0083654045187833,1.01028,-0.001914595481216752
7.275,1.0077862689648631,1.01078,-0.002993731035136893
7.285,1.0075497026773308,1.00985,-0.0023002973226691203
7.295,1.0075658456591845,1.01009,-0.002524154340815432
7.305,1.0084094486548107,1.01024,-0.0018305513451892796
7.315,1.0086447148380993,1.01038,-0.0017352851619008014
7.325,1.0093277400417349,1.00987,-0.0005422599582651788
7.335,1.0088125555387775,1.00957,-0.0007574444612226117
7.345000000000001,1.008577968336448,1.00964,-0.001062031663552121
7.355,1.008102461886462,1.01044,-0.0023375381135379847
7.365,1.0078412983890286,1.01003,-0.0021887016109713997
7.375,1.0085224582976435,1.00972,-0.0011975417023564194
7.385,1.0071105809840393,1.01024,-0.003129419015960755
7.3950000000000005,1.0067804505740423,1.01067,-0.00388954942595765
7.405,1.006840665060907,1.01038,-0.003539334939093086
7.415,1.007266899568634,1.01072,-0.0034531004313660407
7.425,1.0074055090435539,1.00935,-0.00194449095644611
7.4350000000000005,1.0072900377322707,1.01004,-0.002749962267729389
7.445,1.0061284635348862,1.01061,-0.0044815364651138445
7.455,1.0065271513637364,1.01062,-0.004092848636263691
7.465,1.0072317288727277,1.01025,-0.003018271127272376
7.475,1.006539750314327,1.00969,-0.0031502496856730122
7.485,1.0061868199426627,1.00962,-0.0034331800573372817
7.495,1.0060464616816152,1.00939,-0.0033435383183848533
7.505,1.0063208421708656,1.00968,-0.0033591578291343183
7.515000000000001,1.0055507495031597,1.01008,-0.004529250496840387
7.525,1.0066245242248595,1.0098,-0.003175475775140546
7.535,1.0049925587503548,1.00979,-0.004797441249645207
7.545,1.0063914225790567,1.00961,-0.003218577420943225
7.555,1.0060909081587623,1.00985,-0.003759091841237572
7.565,1.0064310669372747,1.00998,-0.0035489330627254123
7.575,1.0069825957255882,1.00945,-0.002467404274411722
7.585,1.0069668205919093,1.00976,-0.0027931794080906513
7.595000000000001,1.0067517362403795,1.00926,-0.0025082637596205437
7.605,1.0067337939252483,1.00956,-0.0028262060747517026
7.615,1.0073458455612043,1.00932,-0.001974154438795672
7.625,1.0067326127637726,1.0089,-0.002167387236227336
7.635,1.007631382637615,1.00981,-0.0021786173623850047
7.6450000000000005,1.0066608928754286,1.00813,-0.0014691071245713783
7.655,1.0064077228400412,1.00877,-0.0023622771599587367
7.665,1.0067946999027164,1.00903,-0.0022353000972836767
7.675,1.0069041487360526,1.00881,-0.001905851263947378
7.6850000000000005,1.0068475100550824,1.00906,-0.0022124899449176283
7.695,1.0072312356468203,1.00811,-0.0008787643531797951
7.705,1.006961570789041,1.00901,-0.0020484292109590463
7.715,1.0057550168090048,1.00835,-0.0025949831909952703
7.725,1.006541035573831,1.00801,-0.0014689644261691726
7.735,1.006937647544117,1.00801,-0.0010723524558831077
7.745,1.0071336055050173,1.008,-0.000866394494982714
7.755,1.0062370399711253,1.00796,-0.0017229600288746205
7.765000000000001,1.0063437145069252,1.00747,-0.0011262854930749189
7.775,1.006836232754732,1.008,-0.0011637672452680103
7.785,1.0068339623018898,1.00847,-0.0016360376981101599
7.795,1.0064763751679908,1.00838,-0.001903624832009232
7.805,1.0057695809143032,1.00889,-0.003120419085696824
7.815,1.0051617782254356,1.00837,-0.003208221774564368
7.825,1.0050565010363615,1.0074,-0.0023434989636386128
7.835,1.0052431223162261,1.0078,-0.002556877683773884
7.845000000000001,1.0051609781042066,1.00833,-0.003169021895793378
7.855,1.0051307963855058,1.00803,-0.002899203614494139
7.865,1.0053462568482665,1.00809,-0.0027437431517334243
7.875,1.004997576287656,1.00826,-0.003262423712343976
7.885,1.0049617767042394,1.00778,-0.0028182232957605358
7.8950000000000005,1.005282476081636,1.00761,-0.002327523918363994
7.905,1.0052788621487208,1.0074,-0.00212113785127932
7.915,1.0049134446004575,1.00734,-0.002426555399542396
7.925000000000001,1.004792159910409,1.00774,-0.002947840089591036
7.9350000000000005,1.0047448876192702,1.00674,-0.001995112380729802
7.945,1.0047799774403041,1.0071,-0.002320022559695989
7.955,1.004402140335466,1.00695,-0.00254785966453408
7.965,1.0045386778592202,1.00724,-0.0027013221407796717
7.975,1.00480933034188,1.0074,-0.0025906696581201594
7.985,1.0054371443826775,1.00769,-0.002252855617322469
7.995,1.0055561836119251,1.0073,-0.0017438163880749702
