label	system	mode	nodes	gpus	atoms	rx	ry	rz	case_dir
water_strong_n01	water	strong	1	4	15763896	6	6	6	/public/home/acymkxdx47/rbmd/build/lammps_kokkos_pppm_water9_complete64_noexclusive_20260814/water/strong/nodes_01
water_strong_n02	water	strong	2	8	15763896	6	6	6	/public/home/acymkxdx47/rbmd/build/lammps_kokkos_pppm_water9_complete64_noexclusive_20260814/water/strong/nodes_02
water_strong_n04	water	strong	4	16	15763896	6	6	6	/public/home/acymkxdx47/rbmd/build/lammps_kokkos_pppm_water9_complete64_noexclusive_20260814/water/strong/nodes_04
water_strong_n08	water	strong	8	32	15763896	6	6	6	/public/home/acymkxdx47/rbmd/build/lammps_kokkos_pppm_water9_complete64_noexclusive_20260814/water/strong/nodes_08
water_strong_n16	water	strong	16	64	15763896	6	6	6	/public/home/acymkxdx47/rbmd/build/lammps_kokkos_pppm_water9_complete64_noexclusive_20260814/water/strong/nodes_16
water_weak_n01	water	weak	1	4	15763896	6	6	6	/public/home/acymkxdx47/rbmd/build/lammps_kokkos_pppm_water9_complete64_noexclusive_20260814/water/weak/nodes_01
water_weak_n02	water	weak	2	8	31527792	12	6	6	/public/home/acymkxdx47/rbmd/build/lammps_kokkos_pppm_water9_complete64_noexclusive_20260814/water/weak/nodes_02
water_weak_n04	water	weak	4	16	63055584	12	12	6	/public/home/acymkxdx47/rbmd/build/lammps_kokkos_pppm_water9_complete64_noexclusive_20260814/water/weak/nodes_04
water_weak_n08	water	weak	8	32	126111168	12	12	12	/public/home/acymkxdx47/rbmd/build/lammps_kokkos_pppm_water9_complete64_noexclusive_20260814/water/weak/nodes_08
water_weak_n16	water	weak	16	64	252222336	24	12	12	/public/home/acymkxdx47/rbmd/build/lammps_kokkos_pppm_water9_complete64_noexclusive_20260814/water/weak/nodes_16
