system	mode	case	nodes	dcu_per_node	total_dcus	replicate	base_atoms	target_atoms	steps	cut_off	r_core	rbl_sample	rbe_sample	source_case	case_dir	source_run_sha256	source_slurm_sha256
ljsalt	strong	nodes_01	1	4	4	5x7x4	200000	28000000	1000	8.0	4.0	30	200	/public/home/acymkxdx47/rbmd/build/new_gyf_test/ljsalt/strong/nodes_01	/public/home/acymkxdx47/rbmd/build/new_gyf_test/ljsalt_scaling_RBE200_RBL30_20260815/cases/strong/nodes_01	06cd54d59980a8f7768b6475c77aadfc7e0559946f72b62618072796e8dd2f6e	350e08071372a549fcb3261146bcfc0bfb160e4296cc70e91e05cec0b6340b19
ljsalt	strong	nodes_02	2	4	8	5x7x4	200000	28000000	1000	8.0	4.0	30	200	/public/home/acymkxdx47/rbmd/build/new_gyf_test/ljsalt/strong/nodes_02	/public/home/acymkxdx47/rbmd/build/new_gyf_test/ljsalt_scaling_RBE200_RBL30_20260815/cases/strong/nodes_02	06cd54d59980a8f7768b6475c77aadfc7e0559946f72b62618072796e8dd2f6e	6de549ebeba4e7ec8fa0c8a37b4ac339dee0d745ec43a86ba6a99587392dfeac
ljsalt	strong	nodes_04	4	4	16	5x7x4	200000	28000000	1000	8.0	4.0	30	200	/public/home/acymkxdx47/rbmd/build/new_gyf_test/ljsalt/strong/nodes_04	/public/home/acymkxdx47/rbmd/build/new_gyf_test/ljsalt_scaling_RBE200_RBL30_20260815/cases/strong/nodes_04	06cd54d59980a8f7768b6475c77aadfc7e0559946f72b62618072796e8dd2f6e	2daf36a73aea7772470c9296fe7b4dadb61b79f1d91d3c03e7df93043fdd0874
ljsalt	strong	nodes_08	8	4	32	5x7x4	200000	28000000	1000	8.0	4.0	30	200	/public/home/acymkxdx47/rbmd/build/new_gyf_test/ljsalt/strong/nodes_08	/public/home/acymkxdx47/rbmd/build/new_gyf_test/ljsalt_scaling_RBE200_RBL30_20260815/cases/strong/nodes_08	06cd54d59980a8f7768b6475c77aadfc7e0559946f72b62618072796e8dd2f6e	62e28f92431315eb124472af4634e31b5125c77e654d05c89b8a59ac14368629
ljsalt	strong	gpus_64	8	8	64	5x7x4	200000	28000000	1000	8.0	4.0	30	200	/public/home/acymkxdx47/rbmd/build/new_gyf_test/ljsalt/strong/gpus_64	/public/home/acymkxdx47/rbmd/build/new_gyf_test/ljsalt_scaling_RBE200_RBL30_20260815/cases/strong/gpus_64	06cd54d59980a8f7768b6475c77aadfc7e0559946f72b62618072796e8dd2f6e	05977f264ac609bc4707e7664962d231c21b3f8beabb0f790a1c8817a850bebe
ljsalt	weak	gpus_01	1	1	1	5x7x1	200000	7000000	1000	8.0	4.0	30	200	/public/home/acymkxdx47/rbmd/build/new_gyf_test/ljsalt/weak/gpus_01	/public/home/acymkxdx47/rbmd/build/new_gyf_test/ljsalt_scaling_RBE200_RBL30_20260815/cases/weak/gpus_01	75ba556cd40fb5b9695116cabc883a613ea909f667347850dcc98b4b5de0ffa6	3e9c8c405e0dd89463e3471e0da4c5ddf83182578cc5bd65c445f3cf0a994eee
ljsalt	weak	gpus_02	1	2	2	5x7x2	200000	14000000	1000	8.0	4.0	30	200	/public/home/acymkxdx47/rbmd/build/new_gyf_test/ljsalt/weak/gpus_02	/public/home/acymkxdx47/rbmd/build/new_gyf_test/ljsalt_scaling_RBE200_RBL30_20260815/cases/weak/gpus_02	46dfc11bb2894da98a06f10fe3d320a81bd453ea09fec54644da2e558f8fdbbc	58200d4e16198a0c25276c04723a1625e842ba46666ec98818014c6ed07853c1
ljsalt	weak	nodes_01	1	4	4	5x7x4	200000	28000000	1000	8.0	4.0	30	200	/public/home/acymkxdx47/rbmd/build/new_gyf_test/ljsalt/weak/nodes_01	/public/home/acymkxdx47/rbmd/build/new_gyf_test/ljsalt_scaling_RBE200_RBL30_20260815/cases/weak/nodes_01	06cd54d59980a8f7768b6475c77aadfc7e0559946f72b62618072796e8dd2f6e	3f96ecb1aa518349f29ade389996c4aa46cc85ecb18da30d17a3f397512954e3
ljsalt	weak	nodes_02	2	4	8	10x7x4	200000	56000000	1000	8.0	4.0	30	200	/public/home/acymkxdx47/rbmd/build/new_gyf_test/ljsalt/weak/nodes_02	/public/home/acymkxdx47/rbmd/build/new_gyf_test/ljsalt_scaling_RBE200_RBL30_20260815/cases/weak/nodes_02	afa6181973940059805086f36cb353cf25fd4f629c2fba083d4b3c38e3b0a92c	026a3264a7d2a338914b808ceadd046ce6e767c1af6817fd14853013e43e7593
ljsalt	weak	nodes_04	4	4	16	10x14x4	200000	112000000	1000	8.0	4.0	30	200	/public/home/acymkxdx47/rbmd/build/new_gyf_test/ljsalt/weak/nodes_04	/public/home/acymkxdx47/rbmd/build/new_gyf_test/ljsalt_scaling_RBE200_RBL30_20260815/cases/weak/nodes_04	8d2bd20613ffc7221f835c557bbf512389d0540cdb832a7fe11c52a111948001	63237b25b7c7ca28d0637335bd9cfc4da12f796bb1d3068dcdb956b0bc22326e
ljsalt	weak	nodes_08	8	4	32	10x14x8	200000	224000000	1000	8.0	4.0	30	200	/public/home/acymkxdx47/rbmd/build/new_gyf_test/ljsalt/weak/nodes_08	/public/home/acymkxdx47/rbmd/build/new_gyf_test/ljsalt_scaling_RBE200_RBL30_20260815/cases/weak/nodes_08	57ee0c86a7c6e4dea78c3506f5ec86bc6499786f27efcf9c141d7b601974af85	eb8695681bedf7b3c021d19318c634ed64050c4f37c47d544320689a014826c3
ljsalt	weak	gpus_64	8	8	64	20x14x8	200000	448000000	1000	8.0	4.0	30	200	/public/home/acymkxdx47/rbmd/build/new_gyf_test/ljsalt/weak/gpus_64	/public/home/acymkxdx47/rbmd/build/new_gyf_test/ljsalt_scaling_RBE200_RBL30_20260815/cases/weak/gpus_64	c8be08f96d1fff6261e2867268e14c35754969e9127e49290b58d66adf4fbd02	b33a68dea00dd7fd6dd9934f028c6145739db970eedf08830112d637f8f74aa7
